seed,timing,habit,steps,burn_in,population,ring_y,lookahead,error_rate,habit_weight,encounters,failures,encounter_rate,failure_rate,compatibility_rate,precoordination_rate,disposition_alignment,disposition_predictability,death_rate,persistence,convention_strength,mean_abs_habitus
20260801,sequential,false,600,150,120,300,60,0.01,0.5,5260,103,0.0974074074074074,0.019581749049429657,0.9804182509505703,0.9677481282395853,0.9875215972355539,0.9831788206059447,0.005314814814814815,0.9686162624821684,1.0,0.9795734934628553
20260801,sequential,true,600,150,120,300,60,0.01,0.5,5448,106,0.10088888888888889,0.019456681350954477,0.9805433186490455,0.979933110367893,0.9994425863991081,0.990021251039453,0.005185185185185185,0.9793369455413721,0.9833333333333333,0.9924555874114208
20260801,simultaneous,false,600,150,120,300,60,0.01,0.5,5483,117,0.10153703703703704,0.0213386832026263,0.9786613167973737,0.9666543846720708,0.987656595431098,0.9829420396184886,0.005185185185185185,0.9677007299270073,0.9666666666666667,0.9667327755511113
20260801,simultaneous,true,600,150,120,300,60,0.01,0.5,5433,93,0.10061111111111111,0.017117614577581448,0.9828823854224186,0.9803448915260523,0.9974040422770257,0.9901072485207101,0.004462962962962963,0.9787234042553191,0.9833333333333333,0.9626618924167973
20260802,sequential,false,600,150,120,300,60,0.01,0.5,5495,100,0.10175925925925926,0.018198362147406732,0.9818016378525932,0.9752111641571796,0.9941241278002203,0.9871947315466935,0.0050185185185185185,0.9738663267164451,0.9833333333333333,0.9737985981810945
20260802,sequential,true,600,150,120,300,60,0.01,0.5,5479,104,0.10146296296296296,0.018981565979193284,0.9810184340208067,0.9740092165898617,0.9933640552995392,0.9868698925718483,0.005296296296296296,0.9770671539515761,0.95,0.9358042249756976
20260802,simultaneous,false,600,150,120,300,60,0.01,0.5,5449,122,0.1009074074074074,0.02238942925307396,0.977610570746926,0.9760534620382402,0.9985149433822165,0.9879874330068379,0.005851851851851852,0.9667401690554943,0.9333333333333333,0.9786628996986817
20260802,simultaneous,true,600,150,120,300,60,0.01,0.5,5399,124,0.09998148148148148,0.0229672161511391,0.9770327838488609,0.9758109881867617,0.9986874179636227,0.9877821301995896,0.005388888888888889,0.9776624339605153,1.0,0.9759760677775382
20260803,sequential,false,600,150,120,300,60,0.01,0.5,5411,104,0.1002037037037037,0.019220107189059324,0.9807798928109407,0.9779315504020947,0.9992519169627828,0.9880952380952381,0.005888888888888889,0.9716187482666173,0.9166666666666666,0.9514867901269917
20260803,sequential,true,600,150,120,300,60,0.01,0.5,5362,122,0.0992962962962963,0.022752704214845206,0.9772472957851548,0.975513279336975,0.9981164061028442,0.9878117382336397,0.005462962962962963,0.9733233840126854,1.0,0.9515347814529803
20260803,simultaneous,false,600,150,120,300,60,0.01,0.5,5388,108,0.09977777777777778,0.0200445434298441,0.9799554565701559,0.9774774774774775,0.9968093093093093,0.9884231164223696,0.005222222222222222,0.9718715187523208,0.9833333333333333,0.9708115795229353
20260803,simultaneous,true,600,150,120,300,60,0.01,0.5,5449,116,0.1009074074074074,0.021288309781611305,0.9787116902183887,0.9721758486366165,0.9929512149879429,0.9859662081063614,0.005592592592592593,0.9783267517678391,1.0,0.9858763044962074
20260804,sequential,false,600,150,120,300,60,0.01,0.5,5333,102,0.09875925925925925,0.019126195387211702,0.9808738046127883,0.9759332954330112,0.9950729581201441,0.9871673900735988,0.005055555555555555,0.9694040356640075,0.9166666666666666,0.9197884780877651
20260804,sequential,true,600,150,120,300,60,0.01,0.5,5378,103,0.0995925925925926,0.019152101152844925,0.9808478988471551,0.9784159159159159,0.99756006006006,0.9891578652210486,0.005240740740740741,0.9787887245325146,0.9333333333333333,0.980775357998972
20260804,simultaneous,false,600,150,120,300,60,0.01,0.5,5442,121,0.10077777777777777,0.02223447262036016,0.9777655273796398,0.9680237962446552,0.9894032348020078,0.9838112858464385,0.005888888888888889,0.9672643678160919,0.9333333333333333,0.8862974360871286
20260804,simultaneous,true,600,150,120,300,60,0.01,0.5,5406,106,0.10011111111111111,0.0196078431372549,0.9803921568627451,0.9656716417910448,0.9850746268656716,0.9825213834139085,0.004981481481481482,0.9750046287724495,0.95,0.9776243018128168
20260805,sequential,false,600,150,120,300,60,0.01,0.5,5183,101,0.09598148148148149,0.019486783715994598,0.9805132162840055,0.9781591263650546,0.999609984399376,0.9880628881987578,0.0050185185185185185,0.9696881938411044,0.9833333333333333,0.9412163242528145
20260805,sequential,true,600,150,120,300,60,0.01,0.5,5488,104,0.10162962962962963,0.018950437317784258,0.9810495626822158,0.9729829075537585,0.9919132512405808,0.9866324848928768,0.004907407407407407,0.9775731607256815,1.0,0.9679223901052957
20260805,simultaneous,false,600,150,120,300,60,0.01,0.5,5170,96,0.09574074074074074,0.018568665377176014,0.981431334622824,0.9800897911380051,0.998828811243412,0.9900855365474339,0.004277777777777778,0.976296439628483,0.9666666666666667,0.9633960345693571
20260805,simultaneous,true,600,150,120,300,60,0.01,0.5,5208,102,0.09644444444444444,0.019585253456221197,0.9804147465437788,0.9779283639883833,0.9974830590513069,0.9890046296296297,0.004814814814814815,0.9802151363810987,0.9833333333333333,0.9588903049847025
20260806,sequential,false,600,150,120,300,60,0.01,0.5,5416,102,0.1002962962962963,0.01883308714918759,0.9811669128508124,0.9803994773193951,0.999066641777114,0.989322191272052,0.004962962962962963,0.9679564133345646,0.9833333333333333,0.9809329973408862
20260806,sequential,true,600,150,120,300,60,0.01,0.5,5448,111,0.10088888888888889,0.020374449339207047,0.9796255506607929,0.9708503527664315,0.9916450055699962,0.9850401699141195,0.005240740740740741,0.9751170691396566,1.0,0.9814368639553351
20260806,simultaneous,false,600,150,120,300,60,0.01,0.5,5378,126,0.0995925925925926,0.02342878393454816,0.9765712160654518,0.9701296261506669,0.9926733045275221,0.9848555669813966,0.0055,0.9677269345238095,0.9833333333333333,0.9866988247787636
20260806,simultaneous,true,600,150,120,300,60,0.01,0.5,5557,104,0.1029074074074074,0.018715134065143062,0.981284865934857,0.9788860575172916,0.9974517655624318,0.9894956080775151,0.004611111111111111,0.976231205546052,1.0,0.9602015722336027
20260807,sequential,false,600,150,120,300,60,0.01,0.5,5408,111,0.10014814814814815,0.020525147928994084,0.9794748520710059,0.9728870605833957,0.9942034405385191,0.9852079263187273,0.005314814814814815,0.9697474326949764,0.9666666666666667,0.9478419164482788
20260807,sequential,true,600,150,120,300,60,0.01,0.5,5419,104,0.10035185185185186,0.01919173279202805,0.980808267207972,0.9806078687301883,1.0,0.9901633259094283,0.005296296296296296,0.9779357459379616,0.95,0.9194726188905615
20260807,simultaneous,false,600,150,120,300,60,0.01,0.5,5489,120,0.10164814814814815,0.0218619056294407,0.9781380943705593,0.9764576052970388,0.9977929004965974,0.987912087912088,0.005407407407407408,0.9671951886276654,0.9666666666666667,0.9110873125107254
20260807,simultaneous,true,600,150,120,300,60,0.01,0.5,5425,105,0.10046296296296296,0.01935483870967742,0.9806451612903225,0.9795539033457249,0.9985130111524163,0.9899074074074075,0.004481481481481481,0.9814661134163208,1.0,0.9818549296628335
20260808,sequential,false,600,150,120,300,60,0.01,0.5,5394,108,0.09988888888888889,0.020022246941045607,0.9799777530589544,0.9614232209737827,0.9838951310861423,0.9792152111100755,0.0053518518518518516,0.9666141148103496,0.9333333333333333,0.9206741435915553
20260808,sequential,true,600,150,120,300,60,0.01,0.5,5314,95,0.0984074074074074,0.017877305231464056,0.982122694768536,0.9682569853639993,0.9857441551035925,0.9838251986379115,0.004629629629629629,0.9781647058823529,0.9666666666666667,0.9681015166244857
20260808,simultaneous,false,600,150,120,300,60,0.01,0.5,5446,113,0.10085185185185185,0.020749173705471906,0.9792508262945281,0.9743446737311768,0.9942368469975832,0.9867690599555885,0.00587037037037037,0.9672643678160919,0.95,0.9431615717973545
20260808,simultaneous,true,600,150,120,300,60,0.01,0.5,5454,100,0.101,0.018335166850018333,0.9816648331499817,0.9799591760994618,0.9981443681573576,0.9898523985239852,0.004722222222222222,0.9803777737025491,0.9666666666666667,0.9878240060221538
20260809,sequential,false,600,150,120,300,60,0.01,0.5,5301,112,0.09816666666666667,0.021128089039803812,0.9788719109601962,0.9566214408561055,0.9780240779667495,0.9780522565320665,0.005907407407407407,0.9678119690390787,0.95,0.9654278749962178
20260809,sequential,true,600,150,120,300,60,0.01,0.5,5397,112,0.09994444444444445,0.020752269779507133,0.9792477302204928,0.9731505820503192,0.9943672549755914,0.9864663057681539,0.005240740740740741,0.9752456888559243,0.9166666666666666,0.9320877162491541
20260809,simultaneous,false,600,150,120,300,60,0.01,0.5,5396,124,0.09992592592592593,0.022979985174203115,0.9770200148257969,0.9738023952095808,0.9960703592814372,0.9868629460542253,0.005425925925925926,0.9720007417022065,0.9666666666666667,0.9738384469903668
20260809,simultaneous,true,600,150,120,300,60,0.01,0.5,5372,93,0.09948148148148148,0.01731198808637379,0.9826880119136262,0.9786156443444006,0.9958731945226036,0.9891588785046729,0.0043518518518518515,0.9784005213667256,0.9833333333333333,0.9497363084206902
20260810,sequential,false,600,150,120,300,60,0.01,0.5,5401,101,0.10001851851851852,0.018700240696167377,0.9812997593038326,0.9727662749487036,0.9919791083753031,0.9857780256553262,0.005296296296296296,0.9686979070198185,0.9666666666666667,0.9501317514464116
20260810,sequential,true,600,150,120,300,60,0.01,0.5,5415,106,0.10027777777777777,0.019575253924284396,0.9804247460757156,0.9787749022528394,0.9988828895922547,0.9892403302105556,0.004740740740740741,0.9793995381062356,0.95,0.981006529613967
20260810,simultaneous,false,600,150,120,300,60,0.01,0.5,5450,117,0.10092592592592593,0.02146788990825688,0.9785321100917431,0.9725976670986854,0.993519718570635,0.9863531581373906,0.005333333333333333,0.9647577092511013,0.9666666666666667,0.9247464198961881
20260810,simultaneous,true,600,150,120,300,60,0.01,0.5,5417,98,0.10031481481481481,0.01809119438803766,0.9819088056119624,0.9773402674591382,0.9951708766716196,0.9888837424733673,0.0045,0.98134466198744,1.0,0.9493069679566322
20260811,sequential,false,600,150,120,300,60,0.01,0.5,5398,119,0.09996296296296296,0.022045201926639495,0.9779547980733605,0.9714928732183046,0.9951237809452363,0.984984144749114,0.00612962962962963,0.9691323692992213,0.9833333333333333,0.9567452238670674
20260811,sequential,true,600,150,120,300,60,0.01,0.5,5380,102,0.09962962962962962,0.01895910780669145,0.9810408921933086,0.9763557890786264,0.9949333833739914,0.9883210314864991,0.004888888888888889,0.9774967453970616,0.9666666666666667,0.9503024670975608
20260811,simultaneous,false,600,150,120,300,60,0.01,0.5,5417,117,0.10031481481481481,0.021598670851024553,0.9784013291489755,0.9747946228528753,0.9962658700522778,0.9872712069125709,0.005814814814814815,0.9651732101616628,0.9666666666666667,0.9609411176516226
20260811,simultaneous,true,600,150,120,300,60,0.01,0.5,5454,102,0.101,0.0187018701870187,0.9812981298129813,0.9607189179173615,0.9788771539744302,0.9806362378976486,0.004851851851851852,0.9758759860576041,0.9833333333333333,0.9476950311645351
20260812,sequential,false,600,150,120,300,60,0.01,0.5,5382,117,0.09966666666666667,0.021739130434782608,0.9782608695652174,0.9725718579748263,0.9953034003381552,0.9848612279226241,0.006055555555555555,0.9715613382899628,0.95,0.9316662580924693
20260812,sequential,true,600,150,120,300,60,0.01,0.5,5394,84,0.09988888888888889,0.01557285873192436,0.9844271412680756,0.9825810076793406,0.9986888930511332,0.9908582089552239,0.004166666666666667,0.9819042316258352,0.9833333333333333,0.9617933793919795
20260812,simultaneous,false,600,150,120,300,60,0.01,0.5,5505,126,0.10194444444444445,0.022888283378746595,0.9771117166212534,0.9737180665318875,0.9959566256202904,0.9870177363320534,0.005962962962962963,0.9694628737617014,0.9166666666666666,0.9083577162497971
20260812,simultaneous,true,600,150,120,300,60,0.01,0.5,5346,95,0.099,0.017770295548073325,0.9822297044519267,0.9790328673970533,0.9964110313562523,0.9893757051523129,0.004333333333333333,0.9762350299401198,0.9833333333333333,0.9657957787263719
20260813,sequential,false,600,150,120,300,60,0.01,0.5,5412,118,0.10022222222222223,0.02180339985218034,0.9781966001478196,0.9721651410424061,0.9940220437138053,0.9853064261136427,0.006666666666666667,0.970498474059003,0.9333333333333333,0.8996422416974655
20260813,sequential,true,600,150,120,300,60,0.01,0.5,5407,101,0.10012962962962962,0.018679489550582577,0.9813205104494174,0.9790654205607476,0.9979439252336448,0.9895746067206553,0.005092592592592593,0.9779650032404407,0.9833333333333333,0.9233660124421075
20260813,simultaneous,false,600,150,120,300,60,0.01,0.5,5314,108,0.0984074074074074,0.020323673315769664,0.9796763266842303,0.9652157384527656,0.9851739213077362,0.9823067461443845,0.004703703703703704,0.9740186388025981,0.9166666666666666,0.9342773464083564
20260813,simultaneous,true,600,150,120,300,60,0.01,0.5,5481,93,0.1015,0.016967706622879036,0.983032293377121,0.9761029411764706,0.9924632352941176,0.9880897846999542,0.004240740740740741,0.9780941949616648,0.9833333333333333,0.9539804633059729
20260814,sequential,false,600,150,120,300,60,0.01,0.5,5469,122,0.10127777777777777,0.022307551654781495,0.9776924483452185,0.9657850933974478,0.9885333826521177,0.9822414427677586,0.005944444444444444,0.9695361815021498,0.9833333333333333,0.9429031582468289
20260814,sequential,true,600,150,120,300,60,0.01,0.5,5311,118,0.09835185185185186,0.0222180380342685,0.9777819619657315,0.944793451361127,0.9672568056348753,0.9722406442444339,0.0054444444444444445,0.9730519174597192,0.9833333333333333,0.9557915653148146
20260814,simultaneous,false,600,150,120,300,60,0.01,0.5,5468,109,0.10125925925925926,0.019934162399414777,0.9800658376005852,0.9760059062384644,0.9957548911037283,0.9876838235294118,0.005037037037037037,0.9694446985637178,0.95,0.9499053239261789
20260814,simultaneous,true,600,150,120,300,60,0.01,0.5,5449,109,0.1009074074074074,0.020003670398238207,0.9799963296017618,0.9699610606341554,0.9899870202113852,0.9851352599021328,0.005222222222222222,0.975016074216956,0.9833333333333333,0.9387406249314121
20260815,sequential,false,600,150,120,300,60,0.01,0.5,5452,90,0.10096296296296296,0.016507703595011004,0.983492296404989,0.9812615955473099,0.9988868274582561,0.9891976733450282,0.0046851851851851855,0.9716331589093914,0.9833333333333333,0.9047051141287688
20260815,sequential,true,600,150,120,300,60,0.01,0.5,5379,107,0.09961111111111111,0.019892173266406396,0.9801078267335936,0.9718468468468469,0.9915540540540541,0.9857930647724087,0.005648148148148148,0.9780485536229188,0.9666666666666667,0.927090963762159
20260815,simultaneous,false,600,150,120,300,60,0.01,0.5,5409,120,0.10016666666666667,0.022185246810870772,0.9778147531891292,0.976644245142003,0.9986920777279522,0.9879988836170807,0.0057777777777777775,0.9764945400703313,0.9833333333333333,0.9568562448662324
20260815,simultaneous,true,600,150,120,300,60,0.01,0.5,5386,129,0.09974074074074074,0.02395098403267731,0.9760490159673227,0.9691439322671684,0.992662276575729,0.984385226741468,0.0060185185185185185,0.9739921976592978,0.9666666666666667,0.917520740738406
20260816,sequential,false,600,150,120,300,60,0.01,0.5,5416,114,0.1002962962962963,0.021048744460856722,0.9789512555391433,0.9638733705772812,0.9858472998137803,0.9809815381760831,0.005462962962962963,0.966743648960739,1.0,0.9314848704738146
20260816,sequential,true,600,150,120,300,60,0.01,0.5,5492,109,0.1017037037037037,0.019847050254916242,0.9801529497450837,0.9657206044968669,0.9850718761518614,0.9824014665444546,0.005111111111111111,0.9733053935860059,0.9666666666666667,0.9575696201642339
20260816,simultaneous,false,600,150,120,300,60,0.01,0.5,5386,126,0.09974074074074074,0.023393984404010398,0.9766060155959896,0.9707042253521126,0.9936150234741784,0.9856141989724427,0.005703703703703704,0.9696350636085059,0.9166666666666666,0.9801734053358893
20260816,simultaneous,true,600,150,120,300,60,0.01,0.5,5414,121,0.10025925925925926,0.022349464351680826,0.9776505356483192,0.9773874042235097,0.9986918333021865,0.9883753371152236,0.005574074074074074,0.9777181952662722,1.0,0.9955198436486535
20260817,sequential,false,600,150,120,300,60,0.01,0.5,5437,114,0.10068518518518518,0.02096744528232481,0.9790325547176751,0.9709659408151871,0.9931137167318072,0.9846310526803074,0.005388888888888889,0.9709157846295444,0.95,0.9534136076184753
20260817,sequential,true,600,150,120,300,60,0.01,0.5,5356,120,0.09918518518518518,0.022404779686333084,0.977595220313667,0.9731416682428599,0.9962171363722337,0.9857975921745673,0.00587037037037037,0.9736497850868997,0.95,0.9075014928787365
20260817,simultaneous,false,600,150,120,300,60,0.01,0.5,5485,117,0.10157407407407408,0.021330902461257975,0.978669097538742,0.9671526111828751,0.9872670234360583,0.9831177172217634,0.005481481481481481,0.9700893671347802,0.9666666666666667,0.9498897416341615
20260817,simultaneous,true,600,150,120,300,60,0.01,0.5,5370,109,0.09944444444444445,0.020297951582867783,0.9797020484171323,0.9772299585999247,0.9975536319156943,0.9884842243235652,0.004851851851851852,0.9774632147513503,0.9833333333333333,0.9870989413736897
20260818,sequential,false,600,150,120,300,60,0.01,0.5,5312,110,0.09837037037037037,0.020707831325301206,0.9792921686746988,0.9715865751334859,0.992372234935164,0.984739336492891,0.0055,0.9687323413072142,0.9,0.9730029553157643
20260818,sequential,true,600,150,120,300,60,0.01,0.5,5416,107,0.1002962962962963,0.019756277695716397,0.9802437223042836,0.9714924538848518,0.9908701322899199,0.9857103089913705,0.004907407407407407,0.9786624792167006,0.9666666666666667,0.9705763567449277
20260818,simultaneous,false,600,150,120,300,60,0.01,0.5,5397,118,0.09994444444444445,0.021863998517695014,0.978136001482305,0.9719416386083053,0.9936401047512159,0.985936481326255,0.005666666666666667,0.9729328883945124,0.9666666666666667,0.9525686493646518
20260818,simultaneous,true,600,150,120,300,60,0.01,0.5,5366,110,0.09937037037037037,0.020499440924338426,0.9795005590756616,0.9760558069381599,0.9962292609351433,0.9880863039399624,0.005092592592592593,0.9770586589573813,1.0,0.9576925136754679
20260819,sequential,false,600,150,120,300,60,0.01,0.5,5447,109,0.10087037037037037,0.02001101523774555,0.9799889847622545,0.9745778437557988,0.9951753572091298,0.9867011451791651,0.0053518518518518516,0.9695021128054382,0.95,0.9598267816727462
20260819,sequential,true,600,150,120,300,60,0.01,0.5,5275,112,0.09768518518518518,0.021232227488151657,0.9787677725118483,0.8365587277256179,0.8758382831960145,0.907981310193573,0.005425925925925926,0.9712605520250404,0.9833333333333333,0.9772853214749743
20260819,simultaneous,false,600,150,120,300,60,0.01,0.5,5428,125,0.10051851851851852,0.02302873986735446,0.9769712601326456,0.964005967922417,0.9865721745617307,0.9816326530612245,0.005981481481481482,0.9660735687286808,1.0,0.9288587607283955
20260819,simultaneous,true,600,150,120,300,60,0.01,0.5,5366,115,0.09937037037037037,0.02143123369362654,0.9785687663063735,0.9740161928073809,0.9949162116362267,0.9870653294591808,0.005166666666666667,0.9775291375291375,0.95,0.9551018528344127
20260820,sequential,false,600,150,120,300,60,0.01,0.5,5428,101,0.10051851851851852,0.018607221812822403,0.9813927781871776,0.9626116071428571,0.98046875,0.9798148148148148,0.004740740740740741,0.9710652414301512,0.95,0.9424873888871067
20260820,sequential,true,600,150,120,300,60,0.01,0.5,5418,116,0.10033333333333333,0.021410114433370247,0.9785898855666297,0.9720149253731343,0.9940298507462687,0.9855166651193018,0.0053518518518518516,0.9751592944870255,0.9666666666666667,0.9484322281719397
20260820,simultaneous,false,600,150,120,300,60,0.01,0.5,5307,110,0.09827777777777778,0.020727341247409083,0.979272658752591,0.9607992388201713,0.9809705042816366,0.9805779251539555,0.004907407407407407,0.9706825037707391,0.9333333333333333,0.9738593463767273
20260820,simultaneous,true,600,150,120,300,60,0.01,0.5,5495,135,0.10175925925925926,0.02456778889899909,0.9754322111010009,0.900405754334194,0.9203246034673552,0.9500045867351619,0.0072037037037037035,0.9722095671981776,0.9833333333333333,0.9622893110907078
20260821,sequential,false,600,150,120,300,60,0.01,0.5,5340,106,0.09888888888888889,0.019850187265917602,0.9801498127340824,0.9610217596972563,0.98240302743614,0.9793862951807228,0.005296296296296296,0.9675999625433093,0.9833333333333333,0.9480075648712905
20260821,sequential,true,600,150,120,300,60,0.01,0.5,5439,105,0.10072222222222223,0.019305019305019305,0.9806949806949807,0.975283404571641,0.9947965062256087,0.9876040703052729,0.005574074074074074,0.9802171512697828,0.95,0.9829776680816944
20260821,simultaneous,false,600,150,120,300,60,0.01,0.5,5407,106,0.10012962962962962,0.019604216756056964,0.980395783243943,0.9787392763894069,0.9983215218202164,0.9893162393162394,0.004925925925925926,0.9733555370524563,0.95,0.950084264868466
20260821,simultaneous,true,600,150,120,300,60,0.01,0.5,5423,99,0.10042592592592593,0.018255578093306288,0.9817444219066938,0.969150715480394,0.9871771046273927,0.9846253588959897,0.004703703703703704,0.9773041793523388,0.95,0.9497163319601084
20260822,sequential,false,600,150,120,300,60,0.01,0.5,5366,107,0.09937037037037037,0.01994036526276556,0.9800596347372345,0.9640369045377518,0.9847486349086801,0.9813530734632684,0.005425925925925926,0.9693297287219167,0.95,0.9476899615805671
20260822,sequential,true,600,150,120,300,60,0.01,0.5,5410,90,0.10018518518518518,0.0166358595194085,0.9833641404805915,0.9388743943347,0.9567648155050317,0.9686281789493224,0.004314814814814815,0.9795710852283231,1.0,0.9827588187612185
20260822,simultaneous,false,600,150,120,300,60,0.01,0.5,5379,118,0.09961111111111111,0.02193716304145752,0.9780628369585425,0.9602102102102102,0.9816066066066066,0.9799962609833613,0.005666666666666667,0.9650232558139535,0.9666666666666667,0.9284909981277498
20260822,simultaneous,true,600,150,120,300,60,0.01,0.5,5483,114,0.10153703703703704,0.020791537479482036,0.979208462520518,0.9660829493087557,0.9870967741935484,0.9831208146041648,0.00537037037037037,0.9726277372262774,0.9666666666666667,0.9592229375230082
20260823,sequential,false,600,150,120,300,60,0.01,0.5,5326,97,0.09862962962962964,0.018212542245587684,0.9817874577544123,0.9735942249240122,0.9933510638297872,0.9861084861084861,0.005222222222222222,0.9711601690934711,0.9333333333333333,0.9831410431039735
20260823,sequential,true,600,150,120,300,60,0.01,0.5,5293,98,0.09801851851851852,0.018515019837521254,0.9814849801624788,0.9376073268460218,0.9566876550276665,0.9680729760547321,0.004888888888888889,0.9748487140695915,0.9833333333333333,0.9617040179583232
20260823,simultaneous,false,600,150,120,300,60,0.01,0.5,5305,128,0.09824074074074074,0.02412818096135721,0.9758718190386428,0.9646609360076409,0.987774594078319,0.9815799468287125,0.006314814814814815,0.9735898887002452,1.0,0.9726720573624937
20260823,simultaneous,true,600,150,120,300,60,0.01,0.5,5205,100,0.09638888888888889,0.01921229586935639,0.9807877041306436,0.9777347531461762,0.9969022265246854,0.9889060389735674,0.004481481481481481,0.9799173633131546,1.0,0.9576482624529999
20260824,sequential,false,600,150,120,300,60,0.01,0.5,5368,110,0.0994074074074074,0.020491803278688523,0.9795081967213115,0.96706812194204,0.9872036130974784,0.9823904083926565,0.005240740740740741,0.9735370853522176,0.9333333333333333,0.926202599974726
20260824,sequential,true,600,150,120,300,60,0.01,0.5,5413,101,0.10024074074074074,0.01865878440790689,0.9813412155920931,0.979485266691533,0.9986945169712794,0.9894130757800892,0.004574074074074074,0.9794805434883076,0.9666666666666667,0.9751990272006413
20260824,simultaneous,false,600,150,120,300,60,0.01,0.5,5389,115,0.0997962962962963,0.021339766190387827,0.9786602338096122,0.968773373223635,0.9900897531787585,0.9841565703634669,0.005055555555555555,0.967694021537319,0.9333333333333333,0.9222974624977387
20260824,simultaneous,true,600,150,120,300,60,0.01,0.5,5402,112,0.10003703703703704,0.02073306182895224,0.9792669381710477,0.9775533108866442,0.9979423868312757,0.9888247345874465,0.005407407407407408,0.9785065777283676,1.0,0.9615998621375671
20260825,sequential,false,600,150,120,300,60,0.01,0.5,5326,98,0.09862962962962964,0.01840030041306797,0.981599699586932,0.978413179322098,0.9981064192387805,0.9881176914371935,0.005277777777777778,0.975868544600939,0.9666666666666667,0.9791424746391935
20260825,sequential,true,600,150,120,300,60,0.01,0.5,5381,123,0.09964814814814815,0.022858204794647834,0.9771417952053522,0.9672747790107203,0.9896558209516645,0.9839071856287425,0.00587037037037037,0.9736793154761905,1.0,0.9909264428201763
20260825,simultaneous,false,600,150,120,300,60,0.01,0.5,5455,127,0.10101851851851852,0.023281393217231897,0.9767186067827681,0.9656771799628943,0.9873840445269016,0.9826552264969093,0.005796296296296296,0.9702915826150743,0.9666666666666667,0.9782087514342661
20260825,simultaneous,true,600,150,120,300,60,0.01,0.5,5409,118,0.10016666666666667,0.02181549269735626,0.9781845073026437,0.9688316536020903,0.990294886151549,0.9845696226064324,0.006351851851851852,0.9747432694976409,0.9666666666666667,0.933221894022612
20260826,sequential,false,600,150,120,300,60,0.01,0.5,5400,104,0.1,0.01925925925925926,0.9807407407407407,0.9734480179506357,0.9938294689603591,0.9854748603351955,0.005,0.9667346182357301,0.9833333333333333,0.963445180343654
20260826,sequential,true,600,150,120,300,60,0.01,0.5,5425,105,0.10046296296296296,0.01935483870967742,0.9806451612903225,0.9758184523809523,0.9947916666666666,0.987585695756902,0.004759259259259259,0.9770358756801624,0.95,0.9266733830282582
20260826,simultaneous,false,600,150,120,300,60,0.01,0.5,5406,137,0.10011111111111111,0.02534221235664077,0.9746577876433592,0.9697026369927062,0.9949504394987844,0.9847413472273912,0.006148148148148148,0.9643782383419689,0.9333333333333333,0.9076087590024103
20260826,simultaneous,true,600,150,120,300,60,0.01,0.5,5431,110,0.10057407407407408,0.020254096851408582,0.9797459031485914,0.9774548164710266,0.9975777901993665,0.9886005560704356,0.005185185185185185,0.9769670167680118,0.9666666666666667,0.9423541282487284
20260827,sequential,false,600,150,120,300,60,0.01,0.5,5419,107,0.10035185185185186,0.019745340468721166,0.9802546595312789,0.9759103641456582,0.9955182072829132,0.9868140031572105,0.0053518518518518516,0.9759069509831072,0.9666666666666667,0.9301448512816268
20260827,sequential,true,600,150,120,300,60,0.01,0.5,5341,97,0.0989074074074074,0.018161392997566,0.981838607002434,0.9794300811473863,0.9979241366295527,0.989373706977619,0.004388888888888889,0.9801423754215062,0.95,0.9474965979525046
20260827,simultaneous,false,600,150,120,300,60,0.01,0.5,5465,121,0.1012037037037037,0.022140896614821593,0.9778591033851785,0.9678670360110804,0.9894736842105263,0.9837211441184586,0.005574074074074074,0.9705209191614026,0.9666666666666667,0.972502848229682
20260827,simultaneous,true,600,150,120,300,60,0.01,0.5,5349,83,0.09905555555555555,0.015516919050289775,0.9844830809497103,0.9809541768810107,0.9964171223835565,0.9904180366369187,0.004074074074074074,0.9809185296043401,0.9833333333333333,0.9203212991558394
20260828,sequential,false,600,150,120,300,60,0.01,0.5,5423,102,0.10042592592592593,0.018808777429467086,0.9811912225705329,0.961051062243757,0.9813641446142378,0.9796883695047301,0.005296296296296296,0.9661439114391144,0.95,0.9366624083388423
20260828,sequential,true,600,150,120,300,60,0.01,0.5,5468,96,0.10125925925925926,0.01755669348939283,0.9824433065106072,0.972211998527788,0.9904306220095693,0.9858676700009177,0.004092592592592593,0.9767654592023417,0.9666666666666667,0.9743809173432776
20260828,simultaneous,false,600,150,120,300,60,0.01,0.5,5505,118,0.10194444444444445,0.021435059037238875,0.9785649409627611,0.9770431588613406,0.9985307621671258,0.9884889457336014,0.00537037037037037,0.9722903606795675,0.9666666666666667,0.9565526404593697
20260828,simultaneous,true,600,150,120,300,60,0.01,0.5,4974,102,0.09211111111111112,0.020506634499396863,0.9794933655006032,0.9715909090909091,0.9918831168831169,0.9856565656565657,0.004722222222222222,0.9776794691333199,0.95,0.9291897926359418
20260829,sequential,false,600,150,120,300,60,0.01,0.5,5406,110,0.10011111111111111,0.020347761746207917,0.9796522382537921,0.9741621419209886,0.9949447668975847,0.9860335195530726,0.005055555555555555,0.9693660342434058,0.9666666666666667,0.9574661984498356
20260829,sequential,true,600,150,120,300,60,0.01,0.5,5461,99,0.10112962962962962,0.018128547885002746,0.9818714521149973,0.9754612546125462,0.9942804428044281,0.9874919525429964,0.0045925925925925926,0.9755360087960417,0.9666666666666667,0.9676172602675659
20260829,simultaneous,false,600,150,120,300,60,0.01,0.5,5425,109,0.10046296296296296,0.020092165898617512,0.9799078341013825,0.972998137802607,0.9931098696461825,0.986468952734013,0.004666666666666667,0.977501152604887,0.9333333333333333,0.9619305249572072
20260829,simultaneous,true,600,150,120,300,60,0.01,0.5,5404,102,0.10007407407407408,0.018874907475943746,0.9811250925240562,0.9734629041300692,0.9923378807699496,0.9867882396724972,0.004666666666666667,0.97750208314045,0.9833333333333333,0.9628977802108207
20260830,sequential,false,600,150,120,300,60,0.01,0.5,5415,99,0.10027777777777777,0.018282548476454295,0.9817174515235457,0.9582401193139448,0.9781879194630873,0.9775385186560238,0.005574074074074074,0.9702540415704388,0.9833333333333333,0.9240399315136899
20260830,sequential,true,600,150,120,300,60,0.01,0.5,5459,101,0.1010925925925926,0.01850155706173292,0.981498442938267,0.9201331114808652,0.9397300794971344,0.9593960040511923,0.004611111111111111,0.9709494134897361,1.0,0.9905713852701347
20260830,simultaneous,false,600,150,120,300,60,0.01,0.5,5454,104,0.101,0.01906857352401907,0.980931426475981,0.9756007393715342,0.9939001848428836,0.9874746730521274,0.0050185185185185185,0.9716591763734752,1.0,0.9703471060601477
20260830,simultaneous,true,600,150,120,300,60,0.01,0.5,5417,100,0.10031481481481481,0.018460402436773122,0.9815395975632268,0.9667224391150772,0.984941438929169,0.9834121026781577,0.004611111111111111,0.9759903961584634,0.95,0.977936136216324
