seed,treatment,policy,fixed_risk_aversion,steps,burn_in,population,ring_x,ring_y,lookahead,error_rate,mixture_share,capability_mutation_rate,trait_mutation_scale,mean_convention_strength,coordinated_fraction,time_to_convention,completed_cells_per_car_step,mean_proposed_speed,mean_realized_speed,dangerous_proposal_acceptance,replacement_pressure,population_risk_mean,population_risk_std,survivor_risk_mean,selected_parent_risk_mean,final_risk_mean,final_risk_std,final_risk_q10,final_risk_median,final_risk_q90
20260901,fixed_0.0,fixed risk aversion,0.0,5000,1000,120,2,300,20,0.01,0.5,0.02,0.05,0.9668041666666669,1.0,39,2.9372125,3.0,3.0,1.0,0.020929166666666665,0.0,0.0,0.0,NaN,0.0,0.0,0.0,0.0,0.0
20260901,fixed_0.5,fixed risk aversion,0.5,5000,1000,120,2,300,20,0.01,0.5,0.02,0.05,0.9582250000000001,0.99875,39,2.9019229166666665,2.9657291666666667,2.979520811809223,0.49423197135875435,0.02604375,0.5,0.0,0.5,NaN,0.5,0.0,0.5,0.5,0.5
20260901,fixed_1.0,fixed risk aversion,1.0,5000,1000,120,2,300,20,0.01,0.5,0.02,0.05,0.9618916666666669,0.99975,93,2.8783666666666665,2.9242979166666667,2.946297232227205,0.0,0.02305625,1.0,0.0,1.0,NaN,1.0,0.0,1.0,1.0,1.0
20260901,uniform_entry,uniform entry risk,NaN,5000,1000,120,2,300,20,0.01,0.5,0.02,0.05,0.9594958333333335,0.999,15,2.9044333333333334,2.9666791666666668,2.979975717779032,0.4983481133715876,0.02535,0.500234558692572,0.2878198480515003,0.5002218020965011,NaN,0.45757651367924773,0.27726790416922564,0.069649342440099,0.48183293760361356,0.8205213380244093
20260901,uniform_evolutionary,uniform evolutionary risk,NaN,5000,1000,120,2,300,20,0.01,0.5,0.02,0.05,0.9651333333333334,1.0,112,2.8963854166666665,2.9443166666666665,2.9629720404166124,0.17664636896707261,0.022472916666666665,0.8218384926529275,0.14025736383656653,0.8219659612961375,0.8197632820826569,0.7687499341529715,0.21951511763913323,0.39640504899002854,0.8549957578079362,1.0
20260902,fixed_0.0,fixed risk aversion,0.0,5000,1000,120,2,300,20,0.01,0.5,0.02,0.05,0.9675791666666669,1.0,61,2.93919375,3.0,3.0,1.0,0.02026875,0.0,0.0,0.0,NaN,0.0,0.0,0.0,0.0,0.0
20260902,fixed_0.5,fixed risk aversion,0.5,5000,1000,120,2,300,20,0.01,0.5,0.02,0.05,0.9585166666666669,0.9995,121,2.90331875,2.9662208333333333,2.9794562721546862,0.5011090257635216,0.025554166666666666,0.5,0.0,0.5,NaN,0.5,0.0,0.5,0.5,0.5
20260902,fixed_1.0,fixed risk aversion,1.0,5000,1000,120,2,300,20,0.01,0.5,0.02,0.05,0.9593208333333334,1.0,63,2.8723791666666667,2.92035,2.943545511800937,0.0,0.02417708333333333,1.0,0.0,1.0,NaN,1.0,0.0,1.0,1.0,1.0
20260902,uniform_entry,uniform entry risk,NaN,5000,1000,120,2,300,20,0.01,0.5,0.02,0.05,0.9565583333333334,0.99925,12,2.9006083333333335,2.9656208333333334,2.979177945012314,0.4939704722190916,0.026372916666666666,0.5052365551845238,0.2894041675748039,0.5053294109421844,NaN,0.47262307945688664,0.26637387228891035,0.12878947000430707,0.4813517631735082,0.8413495198186636
20260902,uniform_evolutionary,uniform evolutionary risk,NaN,5000,1000,120,2,300,20,0.01,0.5,0.02,0.05,0.9649291666666671,1.0,50,2.895191666666667,2.9420770833333334,2.9607727838284674,0.14808187003690862,0.02215,0.85209914378842,0.13224888945801813,0.8521766717131748,0.8523474981571942,0.8532432741568746,0.12754171696519334,0.6690525991962821,0.8987728373204105,0.9944438147806668
20260903,fixed_0.0,fixed risk aversion,0.0,5000,1000,120,2,300,20,0.01,0.5,0.02,0.05,0.9656750000000004,1.0,84,2.9366375,3.0,3.0,1.0,0.021120833333333332,0.0,0.0,0.0,NaN,0.0,0.0,0.0,0.0,0.0
20260903,fixed_0.5,fixed risk aversion,0.5,5000,1000,120,2,300,20,0.01,0.5,0.02,0.05,0.9596916666666668,1.0,30,2.9061104166666665,2.9673895833333335,2.9805560125723543,0.4997342467371405,0.024977083333333334,0.5,0.0,0.5,NaN,0.5,0.0,0.5,0.5,0.5
20260903,fixed_1.0,fixed risk aversion,1.0,5000,1000,120,2,300,20,0.01,0.5,0.02,0.05,0.9590208333333334,0.99975,283,2.87149375,2.91964375,2.9425187974740292,0.0,0.0241375,1.0,0.0,1.0,NaN,1.0,0.0,1.0,1.0,1.0
20260903,uniform_entry,uniform entry risk,NaN,5000,1000,120,2,300,20,0.01,0.5,0.02,0.05,0.9583916666666669,1.0,35,2.902152083333333,2.9657958333333334,2.979023296992819,0.4967526966736319,0.025804166666666666,0.49648676218027893,0.28763603967630663,0.49641000559428106,NaN,0.5325202751005226,0.29799630448925496,0.09367593824174177,0.5756017500681181,0.9024363946908045
20260903,uniform_evolutionary,uniform evolutionary risk,NaN,5000,1000,120,2,300,20,0.01,0.5,0.02,0.05,0.9694625000000003,1.0,95,2.9259166666666667,2.98225625,2.9901806320845505,0.6714944516500937,0.021491666666666666,0.3212005216953364,0.2656231051818066,0.3211696801107824,0.32121972506714846,0.36366647634877053,0.20857639954250534,0.07856693596237183,0.3891464349996405,0.6304605756439655
20260904,fixed_0.0,fixed risk aversion,0.0,5000,1000,120,2,300,20,0.01,0.5,0.02,0.05,0.967354166666667,1.0,91,2.9366375,3.0,3.0,1.0,0.021120833333333332,0.0,0.0,0.0,NaN,0.0,0.0,0.0,0.0,0.0
20260904,fixed_0.5,fixed risk aversion,0.5,5000,1000,120,2,300,20,0.01,0.5,0.02,0.05,0.9596375000000001,0.999,10,2.90685,2.9676458333333335,2.9804993815939285,0.5034800047186505,0.024710416666666665,0.5,0.0,0.5,NaN,0.5,0.0,0.5,0.5,0.5
20260904,fixed_1.0,fixed risk aversion,1.0,5000,1000,120,2,300,20,0.01,0.5,0.02,0.05,0.9620083333333337,0.99975,140,2.8799333333333332,2.924525,2.946016158283838,0.0,0.02243125,1.0,0.0,1.0,NaN,1.0,0.0,1.0,1.0,1.0
20260904,uniform_entry,uniform entry risk,NaN,5000,1000,120,2,300,20,0.01,0.5,0.02,0.05,0.9596625000000001,0.9995,74,2.90504375,2.9672229166666666,2.9801879473473862,0.4980899206582427,0.025214583333333332,0.49568414508325004,0.28844191995668383,0.4956379674321041,NaN,0.4751140186209715,0.27468204960964926,0.10486183609798486,0.510440841655194,0.7902912062427294
20260904,uniform_evolutionary,uniform evolutionary risk,NaN,5000,1000,120,2,300,20,0.01,0.5,0.02,0.05,0.9735958333333338,1.0,88,2.9424645833333334,2.9930791666666665,2.9965269232401237,0.8456655942961482,0.018041666666666668,0.15397777189038978,0.13925595755238673,0.1539588251415158,0.1505821572601056,0.1290114189752399,0.1102309744828073,0.0,0.10819952942970645,0.28416259117279324
20260905,fixed_0.0,fixed risk aversion,0.0,5000,1000,120,2,300,20,0.01,0.5,0.02,0.05,0.9663583333333335,1.0,18,2.9372125,3.0,3.0,1.0,0.020929166666666665,0.0,0.0,0.0,NaN,0.0,0.0,0.0,0.0,0.0
20260905,fixed_0.5,fixed risk aversion,0.5,5000,1000,120,2,300,20,0.01,0.5,0.02,0.05,0.9585791666666669,0.99975,27,2.9022375,2.96618125,2.979741826465461,0.4994024244493768,0.026010416666666668,0.5,0.0,0.5,NaN,0.5,0.0,0.5,0.5,0.5
20260905,fixed_1.0,fixed risk aversion,1.0,5000,1000,120,2,300,20,0.01,0.5,0.02,0.05,0.9606250000000002,1.0,116,2.8741958333333333,2.9213104166666666,2.943955307644049,0.0,0.023695833333333333,1.0,0.0,1.0,NaN,1.0,0.0,1.0,1.0,1.0
20260905,uniform_entry,uniform entry risk,NaN,5000,1000,120,2,300,20,0.01,0.5,0.02,0.05,0.9594625000000001,0.999,44,2.90480625,2.96685,2.980058946864467,0.497229189756752,0.025252083333333335,0.4978882305113261,0.28839428105962245,0.49790547464185425,NaN,0.5382463089054333,0.2747892633212044,0.15563444906538274,0.5584227689086725,0.912087094510545
20260905,uniform_evolutionary,uniform evolutionary risk,NaN,5000,1000,120,2,300,20,0.01,0.5,0.02,0.05,0.9720750000000002,1.0,23,2.9375604166666665,2.9899145833333334,2.9947158158096503,0.7907953169156238,0.019085416666666667,0.19976212631335752,0.1929834666962087,0.19964868223535756,0.2017590478223309,0.09762224102223666,0.09487799986726912,0.0,0.08316879649356024,0.21774582934423162
20260906,fixed_0.0,fixed risk aversion,0.0,5000,1000,120,2,300,20,0.01,0.5,0.02,0.05,0.9662500000000003,0.99975,58,2.93586875,3.0,3.0,1.0,0.021377083333333335,0.0,0.0,0.0,NaN,0.0,0.0,0.0,0.0,0.0
20260906,fixed_0.5,fixed risk aversion,0.5,5000,1000,120,2,300,20,0.01,0.5,0.02,0.05,0.9590250000000003,0.9995,38,2.904435416666667,2.9665916666666665,2.9798950507112396,0.49699526175892755,0.025322916666666667,0.5,0.0,0.5,NaN,0.5,0.0,0.5,0.5,0.5
20260906,fixed_1.0,fixed risk aversion,1.0,5000,1000,120,2,300,20,0.01,0.5,0.02,0.05,0.9611166666666668,0.999,85,2.8774479166666667,2.92378125,2.946186121616635,0.0,0.02333125,1.0,0.0,1.0,NaN,1.0,0.0,1.0,1.0,1.0
20260906,uniform_entry,uniform entry risk,NaN,5000,1000,120,2,300,20,0.01,0.5,0.02,0.05,0.9590750000000002,0.99925,235,2.903591666666667,2.9659166666666668,2.9795070226820872,0.48974890578207786,0.025479166666666667,0.5073393487004488,0.2900969501799691,0.5075262709854741,NaN,0.49103777473883026,0.30814615102562715,0.057488260310273744,0.49575468922179794,0.9317954473529638
20260906,uniform_evolutionary,uniform evolutionary risk,NaN,5000,1000,120,2,300,20,0.01,0.5,0.02,0.05,0.9717916666666669,1.0,63,2.938445833333333,2.9929958333333335,2.99649034845826,0.8551111111111112,0.019370833333333334,0.1438621151056739,0.13254228854999076,0.1438302949360991,0.1414582543158138,0.10910851913865612,0.10707898225485271,0.0,0.07743501649690807,0.2568562073779983
20260907,fixed_0.0,fixed risk aversion,0.0,5000,1000,120,2,300,20,0.01,0.5,0.02,0.05,0.965591666666667,1.0,143,2.93555625,3.0,3.0,1.0,0.02148125,0.0,0.0,0.0,NaN,0.0,0.0,0.0,0.0,0.0
20260907,fixed_0.5,fixed risk aversion,0.5,5000,1000,120,2,300,20,0.01,0.5,0.02,0.05,0.9602916666666668,1.0,21,2.904839583333333,2.9665916666666665,2.9798320225679604,0.495126479461592,0.025166666666666667,0.5,0.0,0.5,NaN,0.5,0.0,0.5,0.5,0.5
20260907,fixed_1.0,fixed risk aversion,1.0,5000,1000,120,2,300,20,0.01,0.5,0.02,0.05,0.9585500000000002,0.99975,42,2.87120625,2.9193229166666668,2.9424189178514166,0.0,0.024202083333333332,1.0,0.0,1.0,NaN,1.0,0.0,1.0,1.0,1.0
20260907,uniform_entry,uniform entry risk,NaN,5000,1000,120,2,300,20,0.01,0.5,0.02,0.05,0.9602666666666668,0.99975,37,2.906829166666667,2.9676520833333333,2.9806626647582832,0.49913685338413,0.024770833333333332,0.49716432099540975,0.28858025289025085,0.4970783260970634,NaN,0.48894387480715445,0.31003937491831596,0.06796186317652211,0.49388001912965374,0.8927967596295168
20260907,uniform_evolutionary,uniform evolutionary risk,NaN,5000,1000,120,2,300,20,0.01,0.5,0.02,0.05,0.9667708333333335,1.0,215,2.903775,2.9521520833333335,2.9690824425594644,0.25544578026425424,0.021995833333333333,0.7411766917976162,0.18826923725496988,0.7411377745276855,0.7450691973656552,0.8984975555124455,0.10938952176976413,0.7200378961313383,0.931096410999261,1.0
20260908,fixed_0.0,fixed risk aversion,0.0,5000,1000,120,2,300,20,0.01,0.5,0.02,0.05,0.9673208333333335,1.0,124,2.9387,3.0,3.0,1.0,0.020433333333333335,0.0,0.0,0.0,NaN,0.0,0.0,0.0,0.0,0.0
20260908,fixed_0.5,fixed risk aversion,0.5,5000,1000,120,2,300,20,0.01,0.5,0.02,0.05,0.9600583333333336,1.0,37,2.905304166666667,2.9665270833333333,2.979703641977287,0.4957774178621009,0.02496875,0.5,0.0,0.5,NaN,0.5,0.0,0.5,0.5,0.5
20260908,fixed_1.0,fixed risk aversion,1.0,5000,1000,120,2,300,20,0.01,0.5,0.02,0.05,0.961491666666667,0.99975,109,2.87896875,2.92405625,2.945814183514244,0.0,0.022691666666666666,1.0,0.0,1.0,NaN,1.0,0.0,1.0,1.0,1.0
20260908,uniform_entry,uniform entry risk,NaN,5000,1000,120,2,300,20,0.01,0.5,0.02,0.05,0.9596291666666668,0.99975,26,2.9058854166666666,2.967297916666667,2.9803379849532807,0.4983184848663638,0.02498125,0.496573406946001,0.2883240782796438,0.49646776929579406,NaN,0.4880784028198067,0.28935657220253486,0.08037327272456804,0.5029226626736176,0.8906192848922194
20260908,uniform_evolutionary,uniform evolutionary risk,NaN,5000,1000,120,2,300,20,0.01,0.5,0.02,0.05,0.9676916666666671,1.0,136,2.9191770833333335,2.9739541666666667,2.9847864198240917,0.547848813831926,0.02198125,0.43486167888753324,0.2264172904086262,0.4347610188725507,0.43930827096697284,0.23045807869836932,0.1898960368072456,0.0,0.1686441439783335,0.4830020953798282
20260909,fixed_0.0,fixed risk aversion,0.0,5000,1000,120,2,300,20,0.01,0.5,0.02,0.05,0.9664208333333336,1.0,30,2.93775625,3.0,3.0,1.0,0.020747916666666668,0.0,0.0,0.0,NaN,0.0,0.0,0.0,0.0,0.0
20260909,fixed_0.5,fixed risk aversion,0.5,5000,1000,120,2,300,20,0.01,0.5,0.02,0.05,0.9600125000000003,0.99925,123,2.9065916666666665,2.9673854166666667,2.980272700279621,0.49920179743392656,0.024722916666666667,0.5,0.0,0.5,NaN,0.5,0.0,0.5,0.5,0.5
20260909,fixed_1.0,fixed risk aversion,1.0,5000,1000,120,2,300,20,0.01,0.5,0.02,0.05,0.9616916666666668,1.0,42,2.878270833333333,2.92383125,2.945784532589622,0.0,0.02291875,1.0,0.0,1.0,NaN,1.0,0.0,1.0,1.0,1.0
20260909,uniform_entry,uniform entry risk,NaN,5000,1000,120,2,300,20,0.01,0.5,0.02,0.05,0.9601500000000002,0.99975,31,2.90608125,2.9673625,2.980449678755104,0.4985233313644418,0.024952083333333333,0.4988715803563986,0.290212824216047,0.49886549746657344,NaN,0.534052819035456,0.2859606907398762,0.1469503172531455,0.5391327902599876,0.9181383662677076
20260909,uniform_evolutionary,uniform evolutionary risk,NaN,5000,1000,120,2,300,20,0.01,0.5,0.02,0.05,0.9697791666666671,1.0,68,2.9333958333333334,2.9877583333333333,2.993541062514351,0.753168044077135,0.020091666666666667,0.24466762380988155,0.17899365334577527,0.24459354263974256,0.2458049701643643,0.22391274201499245,0.18936826184627112,0.024820140322202738,0.20880494303604846,0.5263395246833669
20260910,fixed_0.0,fixed risk aversion,0.0,5000,1000,120,2,300,20,0.01,0.5,0.02,0.05,0.9672333333333335,0.99975,55,2.93835,3.0,3.0,1.0,0.02055,0.0,0.0,0.0,NaN,0.0,0.0,0.0,0.0,0.0
20260910,fixed_0.5,fixed risk aversion,0.5,5000,1000,120,2,300,20,0.01,0.5,0.02,0.05,0.9592833333333335,0.9995,63,2.906347916666667,2.9673666666666665,2.980175557402229,0.49725453149908483,0.024772916666666665,0.5,0.0,0.5,NaN,0.5,0.0,0.5,0.5,0.5
20260910,fixed_1.0,fixed risk aversion,1.0,5000,1000,120,2,300,20,0.01,0.5,0.02,0.05,0.9603708333333335,1.0,67,2.877658333333333,2.9231770833333335,2.9449755664907,0.0,0.022858333333333335,1.0,0.0,1.0,NaN,1.0,0.0,1.0,1.0,1.0
20260910,uniform_entry,uniform entry risk,NaN,5000,1000,120,2,300,20,0.01,0.5,0.02,0.05,0.9594750000000003,0.99975,43,2.9062729166666665,2.96725,2.9805125159173067,0.49534704522553497,0.024908333333333334,0.496371180168111,0.2897266955035756,0.4963309391270356,NaN,0.45165871287711334,0.29837477648832794,0.06053934552331789,0.4437819681177312,0.8548066661916082
20260910,uniform_evolutionary,uniform evolutionary risk,NaN,5000,1000,120,2,300,20,0.01,0.5,0.02,0.05,0.968354166666667,1.0,44,2.920725,2.9725729166666666,2.983445730981956,0.5028256471080723,0.021022916666666665,0.4746031887807572,0.2887730291815113,0.4745022038151161,0.4785403850783608,0.1507777528882366,0.20387745065897547,0.0,0.08679203888017875,0.38137885938286176
20260911,fixed_0.0,fixed risk aversion,0.0,5000,1000,120,2,300,20,0.01,0.5,0.02,0.05,0.9668250000000003,1.0,19,2.9365875,3.0,3.0,1.0,0.0211375,0.0,0.0,0.0,NaN,0.0,0.0,0.0,0.0,0.0
20260911,fixed_0.5,fixed risk aversion,0.5,5000,1000,120,2,300,20,0.01,0.5,0.02,0.05,0.9576416666666667,0.99925,44,2.901679166666667,2.9657583333333335,2.979174955188508,0.5012038747970211,0.0260125,0.5,0.0,0.5,NaN,0.5,0.0,0.5,0.5,0.5
20260911,fixed_1.0,fixed risk aversion,1.0,5000,1000,120,2,300,20,0.01,0.5,0.02,0.05,0.9600833333333335,1.0,112,2.8750479166666665,2.9218604166666666,2.944331722512028,0.0,0.02353125,1.0,0.0,1.0,NaN,1.0,0.0,1.0,1.0,1.0
20260911,uniform_entry,uniform entry risk,NaN,5000,1000,120,2,300,20,0.01,0.5,0.02,0.05,0.9587083333333335,0.99925,30,2.9046770833333335,2.9664208333333333,2.9795316076172,0.4987405541561713,0.02512291666666667,0.4987750668467065,0.28972032262857467,0.4988065759813498,NaN,0.4906018491735497,0.2991625037511127,0.08415863375201191,0.5315566197125356,0.8981514501024874
20260911,uniform_evolutionary,uniform evolutionary risk,NaN,5000,1000,120,2,300,20,0.01,0.5,0.02,0.05,0.9707708333333336,1.0,92,2.933125,2.987725,2.9935638059233396,0.7568482610033856,0.020189583333333334,0.2318953467058005,0.2124324209328526,0.23167201689333922,0.23976826235715556,0.1181415665065008,0.12039094254769768,0.0,0.0742742409919198,0.2981026542791068
20260912,fixed_0.0,fixed risk aversion,0.0,5000,1000,120,2,300,20,0.01,0.5,0.02,0.05,0.9672958333333337,1.0,7,2.93741875,3.0,3.0,1.0,0.020860416666666666,0.0,0.0,0.0,NaN,0.0,0.0,0.0,0.0,0.0
20260912,fixed_0.5,fixed risk aversion,0.5,5000,1000,120,2,300,20,0.01,0.5,0.02,0.05,0.9606000000000002,1.0,188,2.9062875,2.9672645833333333,2.980342809775398,0.49610297590930563,0.024847916666666667,0.5,0.0,0.5,NaN,0.5,0.0,0.5,0.5,0.5
20260912,fixed_1.0,fixed risk aversion,1.0,5000,1000,120,2,300,20,0.01,0.5,0.02,0.05,0.9588125000000002,0.99975,139,2.871835416666667,2.920047916666667,2.9431076741763027,0.0,0.024216666666666668,1.0,0.0,1.0,NaN,1.0,0.0,1.0,1.0,1.0
20260912,uniform_entry,uniform entry risk,NaN,5000,1000,120,2,300,20,0.01,0.5,0.02,0.05,0.9590041666666669,0.9995,6,2.9030770833333333,2.9662166666666665,2.9795713708392757,0.4944207983434948,0.025672916666666667,0.49872593797958054,0.2879992047009529,0.4988071948930428,NaN,0.5170976576454211,0.2782423697505621,0.09960408827924389,0.5384848252698795,0.9287498789717729
20260912,uniform_evolutionary,uniform evolutionary risk,NaN,5000,1000,120,2,300,20,0.01,0.5,0.02,0.05,0.9686000000000002,1.0,117,2.927208333333333,2.9827729166666668,2.990481947199496,0.6802824004034291,0.021158333333333335,0.30887588063744764,0.2121097604143414,0.30865726317075715,0.3171371945329875,0.2974000375742216,0.1800745500726889,0.015327311716474393,0.3326346939026432,0.5046399844316212
20260913,fixed_0.0,fixed risk aversion,0.0,5000,1000,120,2,300,20,0.01,0.5,0.02,0.05,0.9666916666666668,0.99875,64,2.93796875,3.0,3.0,1.0,0.020677083333333332,0.0,0.0,0.0,NaN,0.0,0.0,0.0,0.0,0.0
20260913,fixed_0.5,fixed risk aversion,0.5,5000,1000,120,2,300,20,0.01,0.5,0.02,0.05,0.9587250000000002,0.99975,46,2.90403125,2.966910416666667,2.9798880245242967,0.5076281355351123,0.02545625,0.5,0.0,0.5,NaN,0.5,0.0,0.5,0.5,0.5
20260913,fixed_1.0,fixed risk aversion,1.0,5000,1000,120,2,300,20,0.01,0.5,0.02,0.05,0.9603375000000001,1.0,18,2.87458125,2.92125625,2.9438538099657565,0.0,0.02353125,1.0,0.0,1.0,NaN,1.0,0.0,1.0,1.0,1.0
20260913,uniform_entry,uniform entry risk,NaN,5000,1000,120,2,300,20,0.01,0.5,0.02,0.05,0.9579625000000002,0.99875,75,2.9009604166666665,2.965410416666667,2.979067851908903,0.49531399068410126,0.02621875,0.4968922447037969,0.2870359767630905,0.4967752023622771,NaN,0.44478095096739234,0.2883475623793723,0.08480950726376009,0.4219985821949283,0.8623670794774673
20260913,uniform_evolutionary,uniform evolutionary risk,NaN,5000,1000,120,2,300,20,0.01,0.5,0.02,0.05,0.9641750000000002,0.99975,25,2.896075,2.9450458333333334,2.963197598944422,0.1973917869034406,0.022652083333333333,0.7997609156001692,0.18453976473940584,0.7998577711907663,0.7991068762171815,0.8379542919737931,0.14361057571693783,0.6497713713781949,0.8661424458111182,1.0
20260914,fixed_0.0,fixed risk aversion,0.0,5000,1000,120,2,300,20,0.01,0.5,0.02,0.05,0.9673833333333336,1.0,11,2.93858125,3.0,3.0,1.0,0.020472916666666667,0.0,0.0,0.0,NaN,0.0,0.0,0.0,0.0,0.0
20260914,fixed_0.5,fixed risk aversion,0.5,5000,1000,120,2,300,20,0.01,0.5,0.02,0.05,0.9593125000000002,0.9995,90,2.9040791666666665,2.9668395833333334,2.979969045012998,0.505611543747137,0.025466666666666665,0.5,0.0,0.5,NaN,0.5,0.0,0.5,0.5,0.5
20260914,fixed_1.0,fixed risk aversion,1.0,5000,1000,120,2,300,20,0.01,0.5,0.02,0.05,0.9598250000000003,1.0,37,2.8728354166666668,2.9206041666666667,2.9436359949194695,0.0,0.024052083333333335,1.0,0.0,1.0,NaN,1.0,0.0,1.0,1.0,1.0
20260914,uniform_entry,uniform entry risk,NaN,5000,1000,120,2,300,20,0.01,0.5,0.02,0.05,0.9570333333333335,0.9975,79,2.900170833333333,2.964729166666667,2.9786903521366352,0.4947744774477448,0.026360416666666667,0.49732082487955864,0.2886925993996753,0.49716808087550135,NaN,0.5281412643734452,0.28954124685019145,0.11576031744776727,0.5444736384929229,0.8893495190564698
20260914,uniform_evolutionary,uniform evolutionary risk,NaN,5000,1000,120,2,300,20,0.01,0.5,0.02,0.05,0.9667708333333335,0.9995,39,2.8990916666666666,2.94500625,2.96317653246568,0.16702219659844336,0.021627083333333335,0.8325327484706451,0.14102850132280384,0.8325762012505604,0.834385340656589,0.9077938607981609,0.07930817973045816,0.7966199730575987,0.9236650517791363,1.0
20260915,fixed_0.0,fixed risk aversion,0.0,5000,1000,120,2,300,20,0.01,0.5,0.02,0.05,0.9670333333333335,1.0,14,2.93686875,3.0,3.0,1.0,0.02104375,0.0,0.0,0.0,NaN,0.0,0.0,0.0,0.0,0.0
20260915,fixed_0.5,fixed risk aversion,0.5,5000,1000,120,2,300,20,0.01,0.5,0.02,0.05,0.9596833333333334,0.99975,56,2.9056333333333333,2.9673,2.9800476054135134,0.5016965016965017,0.024970833333333334,0.5,0.0,0.5,NaN,0.5,0.0,0.5,0.5,0.5
20260915,fixed_1.0,fixed risk aversion,1.0,5000,1000,120,2,300,20,0.01,0.5,0.02,0.05,0.9608125000000002,0.99975,85,2.875877083333333,2.92235,2.9446719825250756,0.0,0.0233625,1.0,0.0,1.0,NaN,1.0,0.0,1.0,1.0,1.0
20260915,uniform_entry,uniform entry risk,NaN,5000,1000,120,2,300,20,0.01,0.5,0.02,0.05,0.9568041666666668,0.99975,39,2.900358333333333,2.9646729166666668,2.978417697146036,0.4927888600320495,0.026208333333333333,0.50181380413534,0.2887790339903096,0.5018293760255678,NaN,0.49886308273301566,0.30973309380593317,0.09207464106966651,0.46292563247900487,0.9249987125124387
20260915,uniform_evolutionary,uniform evolutionary risk,NaN,5000,1000,120,2,300,20,0.01,0.5,0.02,0.05,0.9669541666666669,1.0,40,2.8985645833333336,2.94478125,2.9629280218411194,0.16012032162896975,0.021722916666666668,0.8363293568837187,0.21777814846822224,0.8364741208869763,0.8346130842118096,0.8291450690122273,0.14611051701313996,0.6214038398929499,0.8491436529465284,0.9993440968094048
20260916,fixed_0.0,fixed risk aversion,0.0,5000,1000,120,2,300,20,0.01,0.5,0.02,0.05,0.9663083333333337,1.0,76,2.93708125,3.0,3.0,1.0,0.020972916666666667,0.0,0.0,0.0,NaN,0.0,0.0,0.0,0.0,0.0
20260916,fixed_0.5,fixed risk aversion,0.5,5000,1000,120,2,300,20,0.01,0.5,0.02,0.05,0.9587000000000002,0.99975,109,2.90299375,2.9659020833333334,2.9794157643557244,0.4931561537584122,0.02565,0.5,0.0,0.5,NaN,0.5,0.0,0.5,0.5,0.5
20260916,fixed_1.0,fixed risk aversion,1.0,5000,1000,120,2,300,20,0.01,0.5,0.02,0.05,0.9599333333333335,0.99975,142,2.87261875,2.92040625,2.9432506334301713,0.0,0.023997916666666667,1.0,0.0,1.0,NaN,1.0,0.0,1.0,1.0,1.0
20260916,uniform_entry,uniform entry risk,NaN,5000,1000,120,2,300,20,0.01,0.5,0.02,0.05,0.9595625000000002,0.9995,22,2.9052333333333333,2.9674895833333332,2.9804525033875775,0.5018861251915596,0.0252375,0.4987372505539634,0.28977929881787134,0.4987466125040658,NaN,0.5100125606241909,0.2822497674876977,0.13101031435598365,0.4994474534050236,0.9020826244748131
20260916,uniform_evolutionary,uniform evolutionary risk,NaN,5000,1000,120,2,300,20,0.01,0.5,0.02,0.05,0.9707916666666669,1.0,106,2.933397916666667,2.9876541666666667,2.9933649954080073,0.75460217207117,0.020033333333333334,0.24068947794822865,0.20933578098922168,0.2406026754349124,0.24166798198937844,0.27434222412971526,0.18276047767388592,0.004920320423732399,0.2545059582046536,0.5085369171507285
20260917,fixed_0.0,fixed risk aversion,0.0,5000,1000,120,2,300,20,0.01,0.5,0.02,0.05,0.9672250000000003,1.0,64,2.9378,3.0,3.0,1.0,0.020733333333333333,0.0,0.0,0.0,NaN,0.0,0.0,0.0,0.0,0.0
20260917,fixed_0.5,fixed risk aversion,0.5,5000,1000,120,2,300,20,0.01,0.5,0.02,0.05,0.9587166666666669,1.0,304,2.9040125,2.966760416666667,2.9796713209579915,0.5023255813953489,0.025391666666666667,0.5,0.0,0.5,NaN,0.5,0.0,0.5,0.5,0.5
20260917,fixed_1.0,fixed risk aversion,1.0,5000,1000,120,2,300,20,0.01,0.5,0.02,0.05,0.9611000000000003,0.9995,53,2.8791125,2.924154166666667,2.945873354905547,0.0,0.0226625,1.0,0.0,1.0,NaN,1.0,0.0,1.0,1.0,1.0
20260917,uniform_entry,uniform entry risk,NaN,5000,1000,120,2,300,20,0.01,0.5,0.02,0.05,0.9603625000000002,1.0,20,2.9050708333333333,2.9668895833333333,2.980273056799918,0.49660103141115797,0.025233333333333333,0.5030682149620326,0.28682593581428767,0.5030386091243464,NaN,0.5133597657973576,0.26885723455816596,0.12103880301566623,0.548475494799414,0.8609867222911072
20260917,uniform_evolutionary,uniform evolutionary risk,NaN,5000,1000,120,2,300,20,0.01,0.5,0.02,0.05,0.9692583333333337,1.0,63,2.93148125,2.98514375,2.9919116318133976,0.7068134893324157,0.020197916666666666,0.29021981871125085,0.1946007285757318,0.29015681266569016,0.2906033404977014,0.25633508503561486,0.18467230710080346,0.0,0.24802256155827468,0.5004005179806111
20260918,fixed_0.0,fixed risk aversion,0.0,5000,1000,120,2,300,20,0.01,0.5,0.02,0.05,0.9667208333333337,1.0,98,2.93780625,3.0,3.0,1.0,0.02073125,0.0,0.0,0.0,NaN,0.0,0.0,0.0,0.0,0.0
20260918,fixed_0.5,fixed risk aversion,0.5,5000,1000,120,2,300,20,0.01,0.5,0.02,0.05,0.9558750000000001,0.99025,60,2.905841666666667,2.967041666666667,2.979911081485849,0.500319414600151,0.02485625,0.5,0.0,0.5,NaN,0.5,0.0,0.5,0.5,0.5
20260918,fixed_1.0,fixed risk aversion,1.0,5000,1000,120,2,300,20,0.01,0.5,0.02,0.05,0.9603583333333334,1.0,98,2.8764083333333335,2.9226645833333333,2.944656891495601,0.0,0.023177083333333334,1.0,0.0,1.0,NaN,1.0,0.0,1.0,1.0,1.0
20260918,uniform_entry,uniform entry risk,NaN,5000,1000,120,2,300,20,0.01,0.5,0.02,0.05,0.9589208333333334,0.99575,147,2.9076791666666666,2.96766875,2.9801145765940045,0.4995545524737186,0.02430625,0.5001121206144057,0.2855517942128676,0.5000744423881617,NaN,0.4703479632009023,0.29748646104021087,0.07983350656869254,0.45547741256608093,0.8957760443590802
20260918,uniform_evolutionary,uniform evolutionary risk,NaN,5000,1000,120,2,300,20,0.01,0.5,0.02,0.05,0.9641375000000003,0.9995,62,2.8983458333333334,2.94794375,2.9655969218635088,0.23297048591628325,0.022677083333333334,0.7600011440136358,0.24280746158858976,0.760091736240789,0.7596699689483435,0.7848090823971371,0.16705739853293106,0.5980368887110996,0.80880572476701,0.9633042190085727
20260919,fixed_0.0,fixed risk aversion,0.0,5000,1000,120,2,300,20,0.01,0.5,0.02,0.05,0.9668583333333338,1.0,71,2.9373,3.0,3.0,1.0,0.0209,0.0,0.0,0.0,NaN,0.0,0.0,0.0,0.0,0.0
20260919,fixed_0.5,fixed risk aversion,0.5,5000,1000,120,2,300,20,0.01,0.5,0.02,0.05,0.9580333333333335,1.0,173,2.9022395833333334,2.9663291666666667,2.979756712647563,0.5024708889520023,0.026014583333333334,0.5,0.0,0.5,NaN,0.5,0.0,0.5,0.5,0.5
20260919,fixed_1.0,fixed risk aversion,1.0,5000,1000,120,2,300,20,0.01,0.5,0.02,0.05,0.9604000000000003,1.0,94,2.8741541666666666,2.9204791666666665,2.942706977974395,0.0,0.023295833333333335,1.0,0.0,1.0,NaN,1.0,0.0,1.0,1.0,1.0
20260919,uniform_entry,uniform entry risk,NaN,5000,1000,120,2,300,20,0.01,0.5,0.02,0.05,0.9570375000000002,0.9995,7,2.90078125,2.9649854166666665,2.979004955113009,0.4908898423134786,0.026258333333333335,0.4936146578001707,0.2897425077589188,0.4934991910830087,NaN,0.45787677180409464,0.29547076619176277,0.055026189206813333,0.4133632968287337,0.8824639653284572
20260919,uniform_evolutionary,uniform evolutionary risk,NaN,5000,1000,120,2,300,20,0.01,0.5,0.02,0.05,0.9711916666666669,1.0,19,2.938470833333333,2.9939395833333333,2.997082528531936,0.8721483669785,0.01955625,0.12851392472990444,0.11757456438522931,0.12845832472056012,0.12673184475430666,0.16086472002950325,0.13706047376226016,0.0,0.1486954528899968,0.3502556872511201
20260920,fixed_0.0,fixed risk aversion,0.0,5000,1000,120,2,300,20,0.01,0.5,0.02,0.05,0.9668666666666669,1.0,97,2.93555625,3.0,3.0,1.0,0.02148125,0.0,0.0,0.0,NaN,0.0,0.0,0.0,0.0,0.0
20260920,fixed_0.5,fixed risk aversion,0.5,5000,1000,120,2,300,20,0.01,0.5,0.02,0.05,0.9599416666666668,0.9995,41,2.9088479166666668,2.9681291666666665,2.9807205407044015,0.5000604375679922,0.0241125,0.5,0.0,0.5,NaN,0.5,0.0,0.5,0.5,0.5
20260920,fixed_1.0,fixed risk aversion,1.0,5000,1000,120,2,300,20,0.01,0.5,0.02,0.05,0.959679166666667,1.0,46,2.871464583333333,2.91939375,2.9424637823482445,0.0,0.024129166666666667,1.0,0.0,1.0,NaN,1.0,0.0,1.0,1.0,1.0
20260920,uniform_entry,uniform entry risk,NaN,5000,1000,120,2,300,20,0.01,0.5,0.02,0.05,0.9586458333333335,1.0,40,2.9019083333333335,2.9656645833333335,2.9792126961041183,0.4910729564770977,0.025947916666666668,0.5064080076495523,0.28953903908039297,0.5064830291070908,NaN,0.5047630232863342,0.30111186337245605,0.07761666753280096,0.517430360667117,0.8925466460910889
20260920,uniform_evolutionary,uniform evolutionary risk,NaN,5000,1000,120,2,300,20,0.01,0.5,0.02,0.05,0.972004166666667,1.0,19,2.9382625,2.9922104166666665,2.9961569918742366,0.8374050167497344,0.019322916666666665,0.16293234495267994,0.13596913528560667,0.1628323028093901,0.1645678287550656,0.09228119623173744,0.09844911234043664,0.0,0.062306087669980546,0.20154969751514615
20260921,fixed_0.0,fixed risk aversion,0.0,5000,1000,120,2,300,20,0.01,0.5,0.02,0.05,0.9670291666666669,1.0,50,2.93685,3.0,3.0,1.0,0.02105,0.0,0.0,0.0,NaN,0.0,0.0,0.0,0.0,0.0
20260921,fixed_0.5,fixed risk aversion,0.5,5000,1000,120,2,300,20,0.01,0.5,0.02,0.05,0.9587916666666669,0.9995,161,2.90345,2.9655604166666665,2.978992279213728,0.49532868077442593,0.025358333333333333,0.5,0.0,0.5,NaN,0.5,0.0,0.5,0.5,0.5
20260921,fixed_1.0,fixed risk aversion,1.0,5000,1000,120,2,300,20,0.01,0.5,0.02,0.05,0.9607541666666668,0.99975,251,2.8764020833333332,2.92246875,2.944468377322437,0.0,0.023116666666666667,1.0,0.0,1.0,NaN,1.0,0.0,1.0,1.0,1.0
20260921,uniform_entry,uniform entry risk,NaN,5000,1000,120,2,300,20,0.01,0.5,0.02,0.05,0.9575875,0.99975,52,2.9007541666666667,2.9651541666666668,2.9789580208772377,0.4975658331489268,0.026252083333333332,0.495341455944108,0.28584824453834223,0.4952705060311434,NaN,0.4696453280771883,0.2907090522444523,0.08725038621546964,0.42547534554261446,0.8805199827453827
20260921,uniform_evolutionary,uniform evolutionary risk,NaN,5000,1000,120,2,300,20,0.01,0.5,0.02,0.05,0.9681333333333336,1.0,48,2.931325,2.9879479166666667,2.99378279353002,0.7633751146438398,0.0208625,0.2287562942367793,0.20985973696666654,0.22863690520752172,0.23177684543761437,0.2000972261906474,0.16840272323961,0.010948823153947768,0.14928934288040108,0.42836355227782674
20260922,fixed_0.0,fixed risk aversion,0.0,5000,1000,120,2,300,20,0.01,0.5,0.02,0.05,0.9672541666666669,1.0,40,2.93794375,3.0,3.0,1.0,0.020685416666666668,0.0,0.0,0.0,NaN,0.0,0.0,0.0,0.0,0.0
20260922,fixed_0.5,fixed risk aversion,0.5,5000,1000,120,2,300,20,0.01,0.5,0.02,0.05,0.9599500000000003,0.99975,65,2.9083125,2.9678791666666666,2.9803945848660627,0.5018199176561847,0.024185416666666668,0.5,0.0,0.5,NaN,0.5,0.0,0.5,0.5,0.5
20260922,fixed_1.0,fixed risk aversion,1.0,5000,1000,120,2,300,20,0.01,0.5,0.02,0.05,0.9613875000000003,1.0,18,2.8782854166666665,2.92318125,2.9449643170792017,0.0,0.022641666666666668,1.0,0.0,1.0,NaN,1.0,0.0,1.0,1.0,1.0
20260922,uniform_entry,uniform entry risk,NaN,5000,1000,120,2,300,20,0.01,0.5,0.02,0.05,0.9586916666666668,0.9995,305,2.90400625,2.9667708333333334,2.9802892365847504,0.505968093653162,0.025595833333333335,0.49600745431343446,0.28707432045771714,0.49596247000059,NaN,0.5418625486117273,0.2960231342313954,0.12338684935502339,0.5366147776151076,0.9277496173145037
20260922,uniform_evolutionary,uniform evolutionary risk,NaN,5000,1000,120,2,300,20,0.01,0.5,0.02,0.05,0.9719375000000005,1.0,22,2.9391416666666665,2.9909708333333334,2.9953735649877173,0.8088040964651471,0.018772916666666667,0.18435560729668313,0.1644126933660994,0.18427125116352788,0.18553968449784455,0.1380491178583716,0.11365262702038795,0.0,0.10953159890473763,0.2943159931031527
20260923,fixed_0.0,fixed risk aversion,0.0,5000,1000,120,2,300,20,0.01,0.5,0.02,0.05,0.965179166666667,0.9995,62,2.93510625,3.0,3.0,1.0,0.02163125,0.0,0.0,0.0,NaN,0.0,0.0,0.0,0.0,0.0
20260923,fixed_0.5,fixed risk aversion,0.5,5000,1000,120,2,300,20,0.01,0.5,0.02,0.05,0.9598375000000001,0.99825,40,2.9084041666666667,2.968489583333333,2.98099767035154,0.5095663647813831,0.024352083333333333,0.5,0.0,0.5,NaN,0.5,0.0,0.5,0.5,0.5
20260923,fixed_1.0,fixed risk aversion,1.0,5000,1000,120,2,300,20,0.01,0.5,0.02,0.05,0.9604875000000002,0.99975,112,2.876225,2.9225854166666667,2.944833485133858,0.0,0.023297916666666668,1.0,0.0,1.0,NaN,1.0,0.0,1.0,1.0,1.0
20260923,uniform_entry,uniform entry risk,NaN,5000,1000,120,2,300,20,0.01,0.5,0.02,0.05,0.9591791666666668,1.0,46,2.9042875,2.9660729166666666,2.9794248709646394,0.4951788668910823,0.02521875,0.49963758634456945,0.2893960107663365,0.49959162480397956,NaN,0.5025015282818471,0.29532025988678134,0.08943073030176149,0.4951044115289269,0.9053332401737741
20260923,uniform_evolutionary,uniform evolutionary risk,NaN,5000,1000,120,2,300,20,0.01,0.5,0.02,0.05,0.9650750000000002,0.99975,100,2.89976875,2.9492645833333335,2.9672109829670212,0.23629348076480075,0.02272916666666667,0.7607198679957357,0.2031594258131119,0.7607762175704569,0.7615112270709573,0.7850654191157171,0.17000886373032792,0.5362996218693205,0.8200583686055096,0.9802144314542475
20260924,fixed_0.0,fixed risk aversion,0.0,5000,1000,120,2,300,20,0.01,0.5,0.02,0.05,0.9657458333333335,1.0,21,2.9359125,3.0,3.0,1.0,0.0213625,0.0,0.0,0.0,NaN,0.0,0.0,0.0,0.0,0.0
20260924,fixed_0.5,fixed risk aversion,0.5,5000,1000,120,2,300,20,0.01,0.5,0.02,0.05,0.9590833333333335,1.0,63,2.9039125,2.96626875,2.9795941924892264,0.4972359783484971,0.0254,0.5,0.0,0.5,NaN,0.5,0.0,0.5,0.5,0.5
20260924,fixed_1.0,fixed risk aversion,1.0,5000,1000,120,2,300,20,0.01,0.5,0.02,0.05,0.9603791666666668,0.99975,30,2.87511875,2.921666666666667,2.9439583084458247,0.0,0.023383333333333332,1.0,0.0,1.0,NaN,1.0,0.0,1.0,1.0,1.0
20260924,uniform_entry,uniform entry risk,NaN,5000,1000,120,2,300,20,0.01,0.5,0.02,0.05,0.9578000000000002,0.9945,146,2.902845833333333,2.9655625,2.979015536840935,0.48807339449541287,0.02556875,0.504303834917395,0.28953047428810436,0.5042985448119437,NaN,0.5188573063539768,0.3065442029512939,0.08954880498290683,0.5414773872550664,0.9459548385297413
20260924,uniform_evolutionary,uniform evolutionary risk,NaN,5000,1000,120,2,300,20,0.01,0.5,0.02,0.05,0.9650708333333337,1.0,155,2.8985958333333333,2.9481291666666665,2.966282696616757,0.22778565352991212,0.02281875,0.7724911919179993,0.17987517629617994,0.7725603805918386,0.7727047561227348,0.5741843353046663,0.1497817499465922,0.4088290361557472,0.565634158267533,0.7760308967741492
20260925,fixed_0.0,fixed risk aversion,0.0,5000,1000,120,2,300,20,0.01,0.5,0.02,0.05,0.9676208333333336,1.0,78,2.93795625,3.0,3.0,1.0,0.02068125,0.0,0.0,0.0,NaN,0.0,0.0,0.0,0.0,0.0
20260925,fixed_0.5,fixed risk aversion,0.5,5000,1000,120,2,300,20,0.01,0.5,0.02,0.05,0.9590625000000002,0.9995,56,2.9033854166666666,2.9662375,2.9793463342469035,0.4982839492048965,0.025495833333333332,0.5,0.0,0.5,NaN,0.5,0.0,0.5,0.5,0.5
20260925,fixed_1.0,fixed risk aversion,1.0,5000,1000,120,2,300,20,0.01,0.5,0.02,0.05,0.9604875000000002,1.0,13,2.876825,2.92310625,2.9453598418193336,0.0,0.02326875,1.0,0.0,1.0,NaN,1.0,0.0,1.0,1.0,1.0
20260925,uniform_entry,uniform entry risk,NaN,5000,1000,120,2,300,20,0.01,0.5,0.02,0.05,0.9598125,0.9995,127,2.905789583333333,2.9668770833333333,2.9797303504248123,0.49646219519326357,0.024814583333333334,0.5020691073524869,0.29101957212212953,0.5021409526921755,NaN,0.4437184348470782,0.28122912859809673,0.06999247310145021,0.4514833290585897,0.8102251710103539
20260925,uniform_evolutionary,uniform evolutionary risk,NaN,5000,1000,120,2,300,20,0.01,0.5,0.02,0.05,0.9703875000000003,0.99975,75,2.934270833333333,2.98991875,2.995019818655053,0.7991433021806854,0.020283333333333334,0.19672618077753154,0.21079411209964513,0.19656518980814608,0.19981158142698788,0.17463775063299294,0.1156912025388079,0.032679981867586014,0.15686273658684258,0.33369164195123785
20260926,fixed_0.0,fixed risk aversion,0.0,5000,1000,120,2,300,20,0.01,0.5,0.02,0.05,0.9661458333333335,1.0,18,2.93470625,3.0,3.0,1.0,0.021764583333333334,0.0,0.0,0.0,NaN,0.0,0.0,0.0,0.0,0.0
20260926,fixed_0.5,fixed risk aversion,0.5,5000,1000,120,2,300,20,0.01,0.5,0.02,0.05,0.9582583333333334,0.99975,97,2.901002083333333,2.96523125,2.978804739626452,0.4947750768371053,0.02611875,0.5,0.0,0.5,NaN,0.5,0.0,0.5,0.5,0.5
20260926,fixed_1.0,fixed risk aversion,1.0,5000,1000,120,2,300,20,0.01,0.5,0.02,0.05,0.9606083333333336,1.0,126,2.8774041666666665,2.9230520833333333,2.9450922024530457,0.0,0.022983333333333335,1.0,0.0,1.0,NaN,1.0,0.0,1.0,1.0,1.0
20260926,uniform_entry,uniform entry risk,NaN,5000,1000,120,2,300,20,0.01,0.5,0.02,0.05,0.9589666666666667,0.99975,36,2.90633125,2.96743125,2.9805532350383617,0.5033797684123905,0.02490208333333333,0.4932592816725492,0.28806250488742685,0.4932108289010349,NaN,0.5060067368953116,0.28709891925344727,0.1172462833398307,0.4761261754853737,0.9099577765462072
20260926,uniform_evolutionary,uniform evolutionary risk,NaN,5000,1000,120,2,300,20,0.01,0.5,0.02,0.05,0.970054166666667,1.0,103,2.93205625,2.9858416666666665,2.9924284948842907,0.7235463792318203,0.020175,0.2553145236165737,0.21911697306614203,0.2551564078472481,0.25996203768487897,0.1398233378271766,0.11672483289896113,0.0,0.11373498818922374,0.29957170543555645
20260927,fixed_0.0,fixed risk aversion,0.0,5000,1000,120,2,300,20,0.01,0.5,0.02,0.05,0.9678916666666669,0.99975,69,2.93923125,3.0,3.0,1.0,0.02025625,0.0,0.0,0.0,NaN,0.0,0.0,0.0,0.0,0.0
20260927,fixed_0.5,fixed risk aversion,0.5,5000,1000,120,2,300,20,0.01,0.5,0.02,0.05,0.958729166666667,1.0,45,2.9035875,2.9667666666666666,2.979776664592807,0.502380542648999,0.02556875,0.5,0.0,0.5,NaN,0.5,0.0,0.5,0.5,0.5
20260927,fixed_1.0,fixed risk aversion,1.0,5000,1000,120,2,300,20,0.01,0.5,0.02,0.05,0.9599708333333336,0.9995,134,2.874147916666667,2.9213791666666666,2.944308330594457,0.0,0.023829166666666665,1.0,0.0,1.0,NaN,1.0,0.0,1.0,1.0,1.0
20260927,uniform_entry,uniform entry risk,NaN,5000,1000,120,2,300,20,0.01,0.5,0.02,0.05,0.9580000000000002,0.99975,64,2.900814583333333,2.9654458333333333,2.9791666666666665,0.4960493135332026,0.0263,0.49609454337867825,0.2888694862617959,0.49605957859649163,NaN,0.5054463781812203,0.2923058725363554,0.12384271588760298,0.5004519387523885,0.8988043202451754
20260927,uniform_evolutionary,uniform evolutionary risk,NaN,5000,1000,120,2,300,20,0.01,0.5,0.02,0.05,0.9693458333333337,1.0,15,2.92550625,2.9779458333333335,2.987172696350281,0.5976816511167656,0.02064375,0.3974787135942251,0.19189371306888586,0.39747182697187594,0.3980121800157514,0.40196011455355507,0.15051196805912437,0.21415968627192655,0.39290623811422576,0.5892202143033293
20260928,fixed_0.0,fixed risk aversion,0.0,5000,1000,120,2,300,20,0.01,0.5,0.02,0.05,0.9670833333333336,0.99975,66,2.93819375,3.0,3.0,1.0,0.020602083333333333,0.0,0.0,0.0,NaN,0.0,0.0,0.0,0.0,0.0
20260928,fixed_0.5,fixed risk aversion,0.5,5000,1000,120,2,300,20,0.01,0.5,0.02,0.05,0.9591250000000002,0.99975,50,2.904675,2.9669291666666666,2.980013465422718,0.4998545412230174,0.02528125,0.5,0.0,0.5,NaN,0.5,0.0,0.5,0.5,0.5
20260928,fixed_1.0,fixed risk aversion,1.0,5000,1000,120,2,300,20,0.01,0.5,0.02,0.05,0.9607166666666667,1.0,45,2.8756020833333333,2.9218625,2.944264791832869,0.0,0.023320833333333332,1.0,0.0,1.0,NaN,1.0,0.0,1.0,1.0,1.0
20260928,uniform_entry,uniform entry risk,NaN,5000,1000,120,2,300,20,0.01,0.5,0.02,0.05,0.9591958333333335,0.9995,74,2.9040875,2.9662875,2.9796909501711126,0.4890723087654034,0.025372916666666665,0.5052670159509858,0.2878474434743976,0.5053545148980128,NaN,0.48863060065416114,0.2991740686096833,0.07955796923447639,0.4774721827640596,0.9056829319490893
20260928,uniform_evolutionary,uniform evolutionary risk,NaN,5000,1000,120,2,300,20,0.01,0.5,0.02,0.05,0.9673500000000004,0.99875,169,2.9047729166666665,2.9530479166666668,2.969830772016145,0.24614817997667424,0.02190625,0.7530633485418055,0.19665101618493241,0.7532071776545585,0.7492314361687876,0.6615484343926205,0.3159704054534244,0.05676203807918987,0.7469102786878736,0.9663733133848926
20260929,fixed_0.0,fixed risk aversion,0.0,5000,1000,120,2,300,20,0.01,0.5,0.02,0.05,0.9650458333333336,1.0,26,2.9345625,3.0,3.0,1.0,0.0218125,0.0,0.0,0.0,NaN,0.0,0.0,0.0,0.0,0.0
20260929,fixed_0.5,fixed risk aversion,0.5,5000,1000,120,2,300,20,0.01,0.5,0.02,0.05,0.9591833333333336,1.0,21,2.906539583333333,2.9671041666666667,2.9800728816890096,0.49768450671199954,0.024675,0.5,0.0,0.5,NaN,0.5,0.0,0.5,0.5,0.5
20260929,fixed_1.0,fixed risk aversion,1.0,5000,1000,120,2,300,20,0.01,0.5,0.02,0.05,0.9607958333333336,1.0,56,2.877977083333333,2.923595833333333,2.9457665357369804,0.0,0.0230125,1.0,0.0,1.0,NaN,1.0,0.0,1.0,1.0,1.0
20260929,uniform_entry,uniform entry risk,NaN,5000,1000,120,2,300,20,0.01,0.5,0.02,0.05,0.9589750000000001,1.0,95,2.90375625,2.9662,2.9793001288932492,0.5001133658315384,0.02535625,0.4969985969757029,0.2902541265922886,0.4969214926570814,NaN,0.4840008186812613,0.3026566872428622,0.05196087321899789,0.4897787242601871,0.8996925102683088
20260929,uniform_evolutionary,uniform evolutionary risk,NaN,5000,1000,120,2,300,20,0.01,0.5,0.02,0.05,0.9702958333333336,1.0,217,2.9318020833333334,2.9886083333333335,2.993843247463584,0.7796368547418968,0.020722916666666667,0.20693222497256966,0.2480750215872783,0.20676233278128636,0.21036338993392498,0.11066481488900504,0.12008867028066887,0.0,0.07380175289270557,0.33739387982830027
20260930,fixed_0.0,fixed risk aversion,0.0,5000,1000,120,2,300,20,0.01,0.5,0.02,0.05,0.9655875000000003,1.0,27,2.93514375,3.0,3.0,1.0,0.02161875,0.0,0.0,0.0,NaN,0.0,0.0,0.0,0.0,0.0
20260930,fixed_0.5,fixed risk aversion,0.5,5000,1000,120,2,300,20,0.01,0.5,0.02,0.05,0.9599916666666668,1.0,197,2.90793125,2.9678625,2.980353848519012,0.500089291029228,0.0243,0.5,0.0,0.5,NaN,0.5,0.0,0.5,0.5,0.5
20260930,fixed_1.0,fixed risk aversion,1.0,5000,1000,120,2,300,20,0.01,0.5,0.02,0.05,0.9598583333333336,1.0,31,2.8739333333333335,2.9212041666666666,2.9439754150838704,0.0,0.023791666666666666,1.0,0.0,1.0,NaN,1.0,0.0,1.0,1.0,1.0
20260930,uniform_entry,uniform entry risk,NaN,5000,1000,120,2,300,20,0.01,0.5,0.02,0.05,0.9582750000000002,0.99975,37,2.9016625,2.965575,2.9788456314977876,0.4959294817809219,0.02591041666666667,0.5043571241852209,0.28935441983672694,0.5045217471746396,NaN,0.46338130539698064,0.2998364998730415,0.07129043587399084,0.4362519570324852,0.8956812259447138
20260930,uniform_evolutionary,uniform evolutionary risk,NaN,5000,1000,120,2,300,20,0.01,0.5,0.02,0.05,0.9652625000000002,0.9995,71,2.9035625,2.9544083333333333,2.9709536315421476,0.28534519017004145,0.022683333333333333,0.7076974386557537,0.21733712825571164,0.7077267430248766,0.70851579243713,0.6101974589113347,0.25754249449018246,0.27888414568843684,0.5794898507258106,0.988186574105004
