seed,replacement,speed_policy,speed_clearance,steps,burn_in,lookahead,mean_convention_strength,coordinated_fraction,replacement_rate,mean_proposed_speed,successful_progress,speed_one_share,speed_two_share,speed_three_share
20261001,static_entry,speed-first,0.0,5000,1000,20,0.7028458333333333,0.521,0.07584583333333333,2.8852395833333335,2.7020437499999996,0.048127083333333334,0.01850625,0.9333666666666667
20261001,static_entry,lane-first,0.0,5000,1000,20,0.92195,0.9605,0.03070625,2.928689583333333,2.855729166666667,0.02848125,0.014347916666666667,0.9571708333333333
20261001,static_entry,lane-first + 0.5,0.5,5000,1000,20,0.2400041666666667,0.0015,0.21188125,2.1223937499999996,1.7028770833333333,0.40819375,0.06121875,0.5305875
20261001,static_entry,lane-first cap 2,0.0,5000,1000,20,0.9633375000000003,0.99875,0.011439583333333333,1.9878062499999989,1.9675312499999995,0.01219375,0.98780625,0.0
20261001,evolutionary,speed-first,0.0,5000,1000,20,0.84705,0.7725,0.04495625,2.9304124999999996,2.820775,0.02926875,0.01105,0.95968125
20261001,evolutionary,lane-first,0.0,5000,1000,20,0.9468208333333334,0.9875,0.023070833333333332,2.9456624999999996,2.890714583333333,0.0214875,0.0113625,0.96715
20261001,evolutionary,lane-first + 0.5,0.5,5000,1000,20,0.4903625,0.1115,0.13081041666666668,2.0108562500000002,1.7574958333333335,0.46997916666666667,0.04918541666666667,0.4808354166666667
20261001,evolutionary,lane-first cap 2,0.0,5000,1000,20,0.9601500000000001,0.99925,0.012310416666666667,1.986497916666666,1.9646687499999997,0.013502083333333333,0.9864979166666666,0.0
20261002,static_entry,speed-first,0.0,5000,1000,20,0.5285916666666667,0.29475,0.09318958333333334,2.864745833333333,2.6389437499999997,0.056808333333333336,0.0216375,0.9215541666666667
20261002,static_entry,lane-first,0.0,5000,1000,20,0.9188083333333336,0.9485,0.030410416666666665,2.9280270833333333,2.856539583333334,0.028885416666666667,0.014202083333333334,0.9569125
20261002,static_entry,lane-first + 0.5,0.5,5000,1000,20,0.23808749999999998,0.00225,0.21425625,2.122185416666666,1.6978833333333332,0.40874791666666666,0.06031875,0.5309333333333334
20261002,static_entry,lane-first cap 2,0.0,5000,1000,20,0.9606708333333336,0.99875,0.01253125,1.9867374999999987,1.9645020833333326,0.0132625,0.9867375,0.0
20261002,evolutionary,speed-first,0.0,5000,1000,20,0.9342333333333335,0.96275,0.027604166666666666,2.9551374999999993,2.8876875,0.0188375,0.0071875,0.973975
20261002,evolutionary,lane-first,0.0,5000,1000,20,0.9525875000000004,0.99625,0.020858333333333333,2.949822916666666,2.9001875,0.0200125,0.010152083333333334,0.9698354166666666
20261002,evolutionary,lane-first + 0.5,0.5,5000,1000,20,0.5603,0.17225,0.12716666666666668,2.0141375,1.7682020833333334,0.46875625,0.04835,0.48289375
20261002,evolutionary,lane-first cap 2,0.0,5000,1000,20,0.9637250000000002,0.99975,0.011610416666666666,1.9874562499999988,1.9667791666666663,0.01254375,0.98745625,0.0
20261003,static_entry,speed-first,0.0,5000,1000,20,0.5890333333333333,0.37475,0.08020833333333334,2.8799333333333332,2.685341666666667,0.05035625,0.019354166666666665,0.9302895833333333
20261003,static_entry,lane-first,0.0,5000,1000,20,0.8924000000000001,0.90975,0.032064583333333334,2.92661875,2.850570833333333,0.029439583333333335,0.014502083333333334,0.9560583333333333
20261003,static_entry,lane-first + 0.5,0.5,5000,1000,20,0.22866250000000002,0.00125,0.21345208333333332,2.122895833333333,1.6996104166666663,0.40790208333333333,0.0613,0.5307979166666666
20261003,static_entry,lane-first cap 2,0.0,5000,1000,20,0.9426166666666669,0.968,0.013208333333333334,1.9858729166666655,1.9625291666666662,0.014127083333333334,0.9858729166666667,0.0
20261003,evolutionary,speed-first,0.0,5000,1000,20,0.9237958333333334,0.938,0.030897916666666667,2.9521458333333324,2.876016666666666,0.020227083333333333,0.0074,0.9723729166666667
20261003,evolutionary,lane-first,0.0,5000,1000,20,0.9529208333333333,0.99225,0.020629166666666667,2.9509520833333327,2.9018916666666668,0.019454166666666668,0.010139583333333334,0.97040625
20261003,evolutionary,lane-first + 0.5,0.5,5000,1000,20,0.6124791666666668,0.1905,0.12065,2.016975,1.7833041666666667,0.46816875,0.0466875,0.48514375
20261003,evolutionary,lane-first cap 2,0.0,5000,1000,20,0.9589458333333334,0.9975,0.012970833333333332,1.9859374999999988,1.962964583333333,0.0140625,0.9859375,0.0
20261004,static_entry,speed-first,0.0,5000,1000,20,0.6928916666666667,0.516,0.0760375,2.8875541666666664,2.703060416666667,0.04722083333333333,0.01800416666666667,0.934775
20261004,static_entry,lane-first,0.0,5000,1000,20,0.9159124999999999,0.93225,0.03200833333333333,2.9267083333333326,2.8509062499999995,0.029354166666666667,0.014583333333333334,0.9560625
20261004,static_entry,lane-first + 0.5,0.5,5000,1000,20,0.23960416666666667,0.00025,0.21309375,2.1178874999999997,1.6956125,0.4107145833333333,0.06068333333333333,0.5286020833333334
20261004,static_entry,lane-first cap 2,0.0,5000,1000,20,0.9608250000000003,0.998,0.011864583333333333,1.9872833333333324,1.9661770833333327,0.012716666666666666,0.9872833333333333,0.0
20261004,evolutionary,speed-first,0.0,5000,1000,20,0.8017291666666666,0.75475,0.0443,2.9313583333333337,2.8236999999999997,0.028654166666666668,0.011333333333333334,0.9600125
20261004,evolutionary,lane-first,0.0,5000,1000,20,0.9549166666666669,0.99275,0.01957916666666667,2.9522124999999995,2.9058374999999996,0.019179166666666667,0.009429166666666667,0.9713916666666667
20261004,evolutionary,lane-first + 0.5,0.5,5000,1000,20,0.6965916666666667,0.247,0.11433541666666666,2.011139583333333,1.7907270833333333,0.47203958333333335,0.04478125,0.48317916666666666
20261004,evolutionary,lane-first cap 2,0.0,5000,1000,20,0.9655458333333335,0.99925,0.011054166666666667,1.9881062499999989,1.9684083333333326,0.01189375,0.98810625,0.0
20261005,static_entry,speed-first,0.0,5000,1000,20,0.6036583333333333,0.414,0.07709583333333334,2.8851166666666663,2.6983166666666665,0.04819166666666667,0.0185,0.9333083333333333
20261005,static_entry,lane-first,0.0,5000,1000,20,0.9168541666666667,0.9335,0.028429166666666665,2.9335166666666663,2.8665166666666666,0.026514583333333334,0.013454166666666666,0.96003125
20261005,static_entry,lane-first + 0.5,0.5,5000,1000,20,0.2580541666666667,0.0015,0.21024166666666666,2.1213583333333332,1.7056083333333334,0.4090479166666667,0.06054583333333333,0.53040625
20261005,static_entry,lane-first cap 2,0.0,5000,1000,20,0.962629166666667,0.99725,0.011041666666666667,1.988077083333332,1.968416666666666,0.011922916666666667,0.9880770833333333,0.0
20261005,evolutionary,speed-first,0.0,5000,1000,20,0.9132625000000003,0.9115,0.0336625,2.9464958333333326,2.8640375,0.02243125,0.008641666666666667,0.9689270833333333
20261005,evolutionary,lane-first,0.0,5000,1000,20,0.9583500000000003,0.9985,0.01797083333333333,2.95595625,2.9132791666666664,0.01745,0.00914375,0.97340625
20261005,evolutionary,lane-first + 0.5,0.5,5000,1000,20,0.6516208333333333,0.21175,0.11994166666666667,2.0088187499999997,1.7766687500000002,0.47237083333333335,0.04643958333333333,0.48118958333333334
20261005,evolutionary,lane-first cap 2,0.0,5000,1000,20,0.9638958333333336,0.99925,0.011560416666666667,1.987656249999999,1.9671833333333328,0.01234375,0.98765625,0.0
20261006,static_entry,speed-first,0.0,5000,1000,20,0.7094250000000002,0.564,0.06977916666666667,2.8958875,2.727235416666667,0.04365625,0.0168,0.93954375
20261006,static_entry,lane-first,0.0,5000,1000,20,0.9173750000000002,0.94475,0.03161875,2.9271062499999996,2.852408333333333,0.029077083333333333,0.014739583333333334,0.9561833333333334
20261006,static_entry,lane-first + 0.5,0.5,5000,1000,20,0.2423125,0.004,0.20997708333333334,2.1221604166666665,1.70580625,0.40855416666666666,0.06073125,0.5307145833333333
20261006,static_entry,lane-first cap 2,0.0,5000,1000,20,0.9612000000000003,0.99925,0.01189375,1.987012499999999,1.9659062499999993,0.0129875,0.9870125,0.0
20261006,evolutionary,speed-first,0.0,5000,1000,20,0.8701166666666668,0.82975,0.0345125,2.9442958333333324,2.860135416666666,0.0233875,0.008929166666666667,0.9676833333333333
20261006,evolutionary,lane-first,0.0,5000,1000,20,0.9523208333333334,0.99675,0.02096458333333333,2.9482854166666668,2.898320833333333,0.020589583333333335,0.010535416666666667,0.968875
20261006,evolutionary,lane-first + 0.5,0.5,5000,1000,20,0.5877374999999999,0.17225,0.12076666666666666,2.0019729166666664,1.7701875,0.475575,0.04687708333333333,0.4775479166666667
20261006,evolutionary,lane-first cap 2,0.0,5000,1000,20,0.9447458333333335,0.9625,0.012320833333333333,1.9866479166666657,1.9647895833333329,0.013352083333333334,0.9866479166666666,0.0
20261007,static_entry,speed-first,0.0,5000,1000,20,0.6363666666666666,0.46275,0.08027916666666667,2.8821875,2.68795,0.04928333333333333,0.019245833333333334,0.9314708333333334
20261007,static_entry,lane-first,0.0,5000,1000,20,0.928675,0.9685,0.028604166666666667,2.9324874999999992,2.86460625,0.026925,0.0136625,0.9594125
20261007,static_entry,lane-first + 0.5,0.5,5000,1000,20,0.23567916666666666,0.0015,0.21366875,2.1236437500000003,1.699775,0.40769375,0.06096875,0.5313375
20261007,static_entry,lane-first cap 2,0.0,5000,1000,20,0.9554541666666668,0.9865,0.012327083333333334,1.9866520833333325,1.9647854166666658,0.013347916666666666,0.9866520833333333,0.0
20261007,evolutionary,speed-first,0.0,5000,1000,20,0.8196791666666666,0.75775,0.04604791666666667,2.9286166666666666,2.816310416666666,0.030089583333333333,0.011204166666666666,0.95870625
20261007,evolutionary,lane-first,0.0,5000,1000,20,0.9508416666666667,0.99325,0.021541666666666667,2.9493875,2.898352083333333,0.02024375,0.010125,0.96963125
20261007,evolutionary,lane-first + 0.5,0.5,5000,1000,20,0.592975,0.16425,0.12333541666666667,2.00693125,1.7678729166666667,0.47326875,0.04653125,0.4802
20261007,evolutionary,lane-first cap 2,0.0,5000,1000,20,0.9617041666666669,0.999,0.012497916666666666,1.9869979166666656,1.9647749999999995,0.013002083333333333,0.9869979166666667,0.0
20261008,static_entry,speed-first,0.0,5000,1000,20,0.6734958333333334,0.5055,0.07142083333333334,2.892308333333333,2.719677083333333,0.04518125,0.017329166666666666,0.9374895833333333
20261008,static_entry,lane-first,0.0,5000,1000,20,0.9046375000000001,0.90325,0.03585833333333333,2.9192062499999993,2.8343604166666663,0.03235416666666667,0.016085416666666668,0.9515604166666667
20261008,static_entry,lane-first + 0.5,0.5,5000,1000,20,0.23925000000000002,0.00075,0.212825,2.12353125,1.7022541666666666,0.40763541666666664,0.061197916666666664,0.5311666666666667
20261008,static_entry,lane-first cap 2,0.0,5000,1000,20,0.9602750000000003,0.99875,0.012258333333333333,1.9869062499999988,1.9651312499999996,0.01309375,0.98690625,0.0
20261008,evolutionary,speed-first,0.0,5000,1000,20,0.8014958333333334,0.7275,0.04174375,2.9347645833333327,2.832927083333333,0.027397916666666668,0.010439583333333334,0.9621625
20261008,evolutionary,lane-first,0.0,5000,1000,20,0.9432375000000002,0.977,0.023402083333333334,2.9452,2.8895479166666664,0.0217875,0.011225,0.9669875
20261008,evolutionary,lane-first + 0.5,0.5,5000,1000,20,0.64755,0.22825,0.12079583333333334,2.0088104166666665,1.7755104166666664,0.47227708333333335,0.046635416666666665,0.4810875
20261008,evolutionary,lane-first cap 2,0.0,5000,1000,20,0.9649458333333336,1.0,0.011341666666666667,1.9872895833333324,1.9672437499999995,0.012710416666666667,0.9872895833333334,0.0
20261009,static_entry,speed-first,0.0,5000,1000,20,0.6157958333333333,0.407,0.07850625,2.882247916666667,2.6926645833333334,0.04945416666666667,0.01884375,0.9317020833333334
20261009,static_entry,lane-first,0.0,5000,1000,20,0.9292375000000002,0.9665,0.02860625,2.933922916666666,2.86635625,0.026433333333333333,0.013210416666666667,0.96035625
20261009,static_entry,lane-first + 0.5,0.5,5000,1000,20,0.27540416666666667,0.00325,0.21340625,2.1263687500000006,1.7036604166666667,0.40599375,0.06164375,0.5323625
20261009,static_entry,lane-first cap 2,0.0,5000,1000,20,0.9616500000000003,0.9995,0.011914583333333333,1.987112499999999,1.9659749999999996,0.0128875,0.9871125,0.0
20261009,evolutionary,speed-first,0.0,5000,1000,20,0.8421541666666666,0.78,0.04478541666666667,2.9292687500000003,2.8200729166666667,0.029672916666666667,0.011385416666666667,0.9589416666666667
20261009,evolutionary,lane-first,0.0,5000,1000,20,0.9481416666666669,0.98775,0.021445833333333334,2.9493208333333323,2.898616666666666,0.020177083333333335,0.010325,0.9694979166666666
20261009,evolutionary,lane-first + 0.5,0.5,5000,1000,20,0.7031208333333333,0.242,0.11400416666666667,1.9923812500000002,1.7731041666666665,0.4813208333333333,0.044977083333333334,0.47370208333333336
20261009,evolutionary,lane-first cap 2,0.0,5000,1000,20,0.9593625000000003,0.98425,0.012177083333333333,1.9867854166666656,1.9650604166666663,0.013214583333333333,0.9867854166666666,0.0
20261010,static_entry,speed-first,0.0,5000,1000,20,0.6249,0.405,0.07682291666666667,2.884879166666666,2.6987479166666666,0.048266666666666666,0.0185875,0.9331458333333333
20261010,static_entry,lane-first,0.0,5000,1000,20,0.9227708333333333,0.94375,0.029883333333333335,2.9295666666666667,2.859104166666667,0.028054166666666668,0.014325,0.9576208333333334
20261010,static_entry,lane-first + 0.5,0.5,5000,1000,20,0.21686250000000004,0.0,0.2184875,2.1269750000000003,1.6931729166666667,0.405575,0.061875,0.53255
20261010,static_entry,lane-first cap 2,0.0,5000,1000,20,0.9603583333333335,0.99775,0.012366666666666666,1.9868416666666657,1.9649124999999998,0.013158333333333333,0.9868416666666666,0.0
20261010,evolutionary,speed-first,0.0,5000,1000,20,0.8787375000000001,0.844,0.03579583333333333,2.943835416666666,2.856252083333333,0.02348541666666667,0.00919375,0.9673208333333333
20261010,evolutionary,lane-first,0.0,5000,1000,20,0.9405958333333334,0.9795,0.026110416666666667,2.938416666666666,2.8763249999999996,0.0245,0.012583333333333334,0.9629166666666666
20261010,evolutionary,lane-first + 0.5,0.5,5000,1000,20,0.5286958333333334,0.11375,0.13436666666666666,2.02430625,1.7642729166666669,0.4630666666666667,0.04956041666666667,0.48737291666666666
20261010,evolutionary,lane-first cap 2,0.0,5000,1000,20,0.9520416666666669,0.9795,0.01399375,1.9853020833333324,1.9604395833333328,0.014697916666666666,0.9853020833333334,0.0
20261011,static_entry,speed-first,0.0,5000,1000,20,0.6324583333333333,0.43525,0.08167291666666666,2.8797145833333335,2.682358333333333,0.05034583333333333,0.01959375,0.9300604166666666
20261011,static_entry,lane-first,0.0,5000,1000,20,0.9263916666666666,0.9555,0.029504166666666668,2.93271875,2.8627749999999996,0.026766666666666668,0.013747916666666667,0.9594854166666666
20261011,static_entry,lane-first + 0.5,0.5,5000,1000,20,0.24522083333333336,0.0015,0.21354375,2.124714583333333,1.7026083333333333,0.40719791666666666,0.06088958333333333,0.5319125
20261011,static_entry,lane-first cap 2,0.0,5000,1000,20,0.9607416666666668,1.0,0.012160416666666667,1.9869166666666656,1.9653666666666663,0.013083333333333334,0.9869166666666667,0.0
20261011,evolutionary,speed-first,0.0,5000,1000,20,0.9080583333333334,0.88375,0.036804166666666666,2.944470833333333,2.8537729166666663,0.02321875,0.009091666666666666,0.9676895833333333
20261011,evolutionary,lane-first,0.0,5000,1000,20,0.9135250000000001,0.926,0.024222916666666667,2.943587499999999,2.8860770833333325,0.022429166666666667,0.011554166666666667,0.9660166666666666
20261011,evolutionary,lane-first + 0.5,0.5,5000,1000,20,0.6643208333333334,0.2085,0.11925625,2.006197916666667,1.7775291666666666,0.47355833333333336,0.04668541666666667,0.47975625
20261011,evolutionary,lane-first cap 2,0.0,5000,1000,20,0.9631500000000002,0.99975,0.011602083333333334,1.987756249999999,1.9671187499999996,0.01224375,0.98775625,0.0
20261012,static_entry,speed-first,0.0,5000,1000,20,0.5906291666666666,0.41075,0.0814625,2.8793479166666667,2.6821979166666665,0.05056666666666667,0.01951875,0.9299145833333333
20261012,static_entry,lane-first,0.0,5000,1000,20,0.9314458333333334,0.969,0.027533333333333333,2.935114583333333,2.87009375,0.025995833333333333,0.01289375,0.9611104166666666
20261012,static_entry,lane-first + 0.5,0.5,5000,1000,20,0.24291250000000003,0.0,0.21375625,2.120614583333334,1.6970062499999998,0.4089479166666667,0.061489583333333334,0.5295625
20261012,static_entry,lane-first cap 2,0.0,5000,1000,20,0.9614708333333335,0.9995,0.011804166666666666,1.9869895833333324,1.9661104166666663,0.013010416666666667,0.9869895833333333,0.0
20261012,evolutionary,speed-first,0.0,5000,1000,20,0.8725291666666667,0.81475,0.04602291666666666,2.9278187499999997,2.8154270833333337,0.030270833333333334,0.011639583333333333,0.9580895833333334
20261012,evolutionary,lane-first,0.0,5000,1000,20,0.9466416666666666,0.98925,0.02296875,2.946277083333333,2.891775,0.021479166666666667,0.010764583333333333,0.96775625
20261012,evolutionary,lane-first + 0.5,0.5,5000,1000,20,0.6656333333333333,0.18675,0.12024583333333333,2.016327083333333,1.7849145833333333,0.4683375,0.04699791666666667,0.48466458333333334
20261012,evolutionary,lane-first cap 2,0.0,5000,1000,20,0.9641375000000001,0.99975,0.011466666666666667,1.9876145833333323,1.9671541666666663,0.012385416666666666,0.9876145833333333,0.0
20261013,static_entry,speed-first,0.0,5000,1000,20,0.6300500000000001,0.43625,0.08313958333333334,2.8777562500000005,2.67635625,0.05122708333333333,0.019789583333333333,0.9289833333333334
20261013,static_entry,lane-first,0.0,5000,1000,20,0.8799291666666668,0.8555,0.03799166666666667,2.9174937499999998,2.827570833333333,0.03288958333333333,0.016727083333333333,0.9503833333333334
20261013,static_entry,lane-first + 0.5,0.5,5000,1000,20,0.2252166666666667,0.00025,0.21382916666666665,2.11874375,1.6950979166666666,0.41027916666666664,0.060697916666666664,0.5290229166666667
20261013,static_entry,lane-first cap 2,0.0,5000,1000,20,0.9614583333333335,0.9995,0.01225,1.986906249999999,1.9652166666666662,0.01309375,0.98690625,0.0
20261013,evolutionary,speed-first,0.0,5000,1000,20,0.8492083333333333,0.80375,0.04041666666666666,2.937077083333333,2.8381020833333332,0.0264125,0.010097916666666666,0.9634895833333333
20261013,evolutionary,lane-first,0.0,5000,1000,20,0.9405166666666668,0.9695,0.02411458333333333,2.943541666666666,2.88638125,0.022504166666666665,0.01145,0.9660458333333334
20261013,evolutionary,lane-first + 0.5,0.5,5000,1000,20,0.5067999999999999,0.1175,0.12794375,2.0128375,1.7659479166666667,0.46951458333333335,0.048133333333333334,0.48235208333333335
20261013,evolutionary,lane-first cap 2,0.0,5000,1000,20,0.9636958333333335,0.99925,0.011575,1.9873374999999989,1.9669416666666661,0.0126625,0.9873375,0.0
20261014,static_entry,speed-first,0.0,5000,1000,20,0.6827833333333333,0.50075,0.077375,2.8852208333333333,2.697366666666667,0.0479125,0.018954166666666668,0.9331333333333334
20261014,static_entry,lane-first,0.0,5000,1000,20,0.9113750000000002,0.93125,0.031677083333333335,2.9267583333333334,2.8521520833333334,0.02915625,0.014929166666666667,0.9559145833333333
20261014,static_entry,lane-first + 0.5,0.5,5000,1000,20,0.20623750000000002,0.0,0.21475625,2.1217020833333327,1.6957041666666666,0.40856458333333334,0.06116875,0.5302666666666667
20261014,static_entry,lane-first cap 2,0.0,5000,1000,20,0.9606583333333335,0.9995,0.012360416666666667,1.987212499999999,1.9651895833333328,0.0127875,0.9872125,0.0
20261014,evolutionary,speed-first,0.0,5000,1000,20,0.7754000000000001,0.68625,0.044504166666666664,2.9321270833333335,2.8231625,0.02851875,0.010835416666666667,0.9606458333333333
20261014,evolutionary,lane-first,0.0,5000,1000,20,0.9279125000000001,0.95875,0.025329166666666666,2.9413624999999994,2.880979166666666,0.023341666666666667,0.011954166666666667,0.9647041666666667
20261014,evolutionary,lane-first + 0.5,0.5,5000,1000,20,0.5320416666666666,0.1355,0.12834166666666666,2.02421875,1.7758458333333333,0.46357916666666665,0.04862291666666667,0.48779791666666666
20261014,evolutionary,lane-first cap 2,0.0,5000,1000,20,0.9262708333333335,0.93525,0.0129625,1.9865770833333323,1.9635979166666662,0.013422916666666666,0.9865770833333334,0.0
20261015,static_entry,speed-first,0.0,5000,1000,20,0.6284666666666667,0.47525,0.0837375,2.8758145833333337,2.6739104166666667,0.052110416666666666,0.019964583333333334,0.927925
20261015,static_entry,lane-first,0.0,5000,1000,20,0.8479875,0.848,0.035304166666666664,2.9195541666666665,2.836291666666666,0.032260416666666666,0.015925,0.9518145833333334
20261015,static_entry,lane-first + 0.5,0.5,5000,1000,20,0.24366666666666673,0.00075,0.21482916666666665,2.1232645833333335,1.6975979166666666,0.4073583333333333,0.06201875,0.5306229166666667
20261015,static_entry,lane-first cap 2,0.0,5000,1000,20,0.9592458333333336,0.9995,0.012877083333333334,1.986031249999999,1.9633270833333332,0.01396875,0.98603125,0.0
20261015,evolutionary,speed-first,0.0,5000,1000,20,0.8811000000000001,0.839,0.040808333333333335,2.936997916666667,2.8371583333333334,0.026452083333333334,0.010097916666666666,0.96345
20261015,evolutionary,lane-first,0.0,5000,1000,20,0.9551916666666669,0.9945,0.018847916666666666,2.9551458333333325,2.9102187499999994,0.01776875,0.009316666666666666,0.9729145833333334
20261015,evolutionary,lane-first + 0.5,0.5,5000,1000,20,0.5445625,0.12575,0.12494375,2.0096020833333332,1.7670854166666667,0.47130208333333334,0.04779375,0.4809041666666667
20261015,evolutionary,lane-first cap 2,0.0,5000,1000,20,0.9613375000000002,0.99925,0.012229166666666666,1.9865229166666656,1.9649437499999998,0.013477083333333334,0.9865229166666667,0.0
20261016,static_entry,speed-first,0.0,5000,1000,20,0.5691583333333333,0.33925,0.09602708333333333,2.859358333333333,2.6276875,0.058922916666666665,0.022795833333333335,0.91828125
20261016,static_entry,lane-first,0.0,5000,1000,20,0.9227708333333332,0.9525,0.032125,2.9251479166666665,2.849237499999999,0.029983333333333334,0.014885416666666667,0.95513125
20261016,static_entry,lane-first + 0.5,0.5,5000,1000,20,0.2634916666666667,0.00175,0.2073125,2.1169333333333333,1.7083270833333333,0.41111458333333334,0.0608375,0.5280479166666666
20261016,static_entry,lane-first cap 2,0.0,5000,1000,20,0.9594125000000001,0.99375,0.011610416666666666,1.9871124999999992,1.966527083333333,0.0128875,0.9871125,0.0
20261016,evolutionary,speed-first,0.0,5000,1000,20,0.9297833333333335,0.95225,0.031539583333333336,2.949710416666667,2.8728624999999997,0.021170833333333333,0.007947916666666667,0.97088125
20261016,evolutionary,lane-first,0.0,5000,1000,20,0.9381583333333333,0.9715,0.023239583333333334,2.946541666666666,2.8911041666666666,0.021214583333333332,0.011029166666666666,0.96775625
20261016,evolutionary,lane-first + 0.5,0.5,5000,1000,20,0.7015083333333334,0.24475,0.11355208333333333,2.00509375,1.7873125,0.4750083333333333,0.04488958333333333,0.4801020833333333
20261016,evolutionary,lane-first cap 2,0.0,5000,1000,20,0.9634500000000001,0.99975,0.011379166666666666,1.9875624999999988,1.967422916666666,0.0124375,0.9875625,0.0
20261017,static_entry,speed-first,0.0,5000,1000,20,0.6989166666666667,0.51825,0.06981666666666667,2.89300625,2.7237479166666665,0.044866666666666666,0.017260416666666667,0.9378729166666666
20261017,static_entry,lane-first,0.0,5000,1000,20,0.9234583333333334,0.943,0.03058125,2.930354166666667,2.8575166666666663,0.027679166666666668,0.0142875,0.9580333333333333
20261017,static_entry,lane-first + 0.5,0.5,5000,1000,20,0.23255416666666667,0.0015,0.21025625,2.1264874999999996,1.7091979166666667,0.40577708333333334,0.06195833333333333,0.5322645833333334
20261017,static_entry,lane-first cap 2,0.0,5000,1000,20,0.9623666666666669,0.99975,0.011639583333333333,1.9874145833333325,1.966714583333333,0.012585416666666667,0.9874145833333333,0.0
20261017,evolutionary,speed-first,0.0,5000,1000,20,0.9177125,0.931,0.029966666666666666,2.9503249999999994,2.8771270833333333,0.020925,0.007825,0.97125
20261017,evolutionary,lane-first,0.0,5000,1000,20,0.9453875000000003,0.98025,0.023222916666666666,2.9452749999999996,2.889939583333333,0.021747916666666665,0.011229166666666667,0.9670229166666666
20261017,evolutionary,lane-first + 0.5,0.5,5000,1000,20,0.5189958333333333,0.1395,0.12908541666666667,2.02694375,1.7771166666666667,0.46224583333333336,0.048564583333333335,0.48918958333333334
20261017,evolutionary,lane-first cap 2,0.0,5000,1000,20,0.9650708333333337,0.99975,0.010997916666666666,1.9876333333333323,1.9680395833333328,0.012366666666666666,0.9876333333333334,0.0
20261018,static_entry,speed-first,0.0,5000,1000,20,0.6593125,0.425,0.08320416666666666,2.8767979166666664,2.675202083333333,0.05158541666666667,0.02003125,0.9283833333333333
20261018,static_entry,lane-first,0.0,5000,1000,20,0.9289458333333335,0.97,0.028297916666666666,2.93375,2.8668645833333333,0.026472916666666665,0.013304166666666667,0.9602229166666667
20261018,static_entry,lane-first + 0.5,0.5,5000,1000,20,0.26561666666666667,0.00225,0.21002083333333332,2.1222145833333332,1.7076,0.40853125,0.06072291666666667,0.5307458333333334
20261018,static_entry,lane-first cap 2,0.0,5000,1000,20,0.9618166666666669,1.0,0.011527083333333334,1.9876291666666657,1.967027083333333,0.012370833333333333,0.9876291666666667,0.0
20261018,evolutionary,speed-first,0.0,5000,1000,20,0.9263875000000001,0.932,0.030066666666666665,2.9526166666666662,2.8788666666666667,0.019916666666666666,0.00755,0.9725333333333334
20261018,evolutionary,lane-first,0.0,5000,1000,20,0.9484708333333335,0.98575,0.0218375,2.948431249999999,2.896087499999999,0.020360416666666666,0.010847916666666667,0.9687916666666667
20261018,evolutionary,lane-first + 0.5,0.5,5000,1000,20,0.5473625,0.13975,0.12810625,2.0205875,1.7715666666666665,0.46565,0.0481125,0.4862375
20261018,evolutionary,lane-first cap 2,0.0,5000,1000,20,0.9607958333333336,0.9995,0.01268125,1.9864958333333325,1.9639187499999997,0.013504166666666666,0.9864958333333333,0.0
20261019,static_entry,speed-first,0.0,5000,1000,20,0.5646333333333332,0.3645,0.08679583333333334,2.873864583333333,2.66325,0.05269583333333333,0.02074375,0.9265604166666667
20261019,static_entry,lane-first,0.0,5000,1000,20,0.9229375,0.957,0.029489583333333333,2.9314291666666668,2.8617520833333328,0.027458333333333335,0.013654166666666667,0.9588875
20261019,static_entry,lane-first + 0.5,0.5,5000,1000,20,0.22459166666666666,0.00025,0.21348333333333333,2.120535416666667,1.6980208333333335,0.40917291666666666,0.06111875,0.5297083333333333
20261019,static_entry,lane-first cap 2,0.0,5000,1000,20,0.9625375000000002,1.0,0.0117125,1.9876833333333321,1.9667999999999994,0.012316666666666667,0.9876833333333334,0.0
20261019,evolutionary,speed-first,0.0,5000,1000,20,0.8451541666666667,0.8045,0.0420875,2.93531875,2.8322187499999996,0.027091666666666667,0.010497916666666666,0.9624104166666667
20261019,evolutionary,lane-first,0.0,5000,1000,20,0.9505166666666669,0.99175,0.021072916666666667,2.9489937499999996,2.899004166666667,0.020235416666666665,0.010535416666666667,0.9692291666666667
20261019,evolutionary,lane-first + 0.5,0.5,5000,1000,20,0.714025,0.23175,0.11667916666666667,2.0043479166666667,1.7802333333333336,0.4748604166666667,0.04593125,0.47920833333333335
20261019,evolutionary,lane-first cap 2,0.0,5000,1000,20,0.9645583333333336,0.9985,0.0111125,1.9875416666666657,1.967910416666666,0.012458333333333333,0.9875416666666667,0.0
20261020,static_entry,speed-first,0.0,5000,1000,20,0.6185541666666667,0.418,0.07496875,2.887208333333333,2.706137499999999,0.04718125,0.018429166666666667,0.9343895833333333
20261020,static_entry,lane-first,0.0,5000,1000,20,0.8933416666666667,0.9125,0.0329125,2.924739583333333,2.8469562499999994,0.030002083333333332,0.01525625,0.9547416666666667
20261020,static_entry,lane-first + 0.5,0.5,5000,1000,20,0.24783333333333338,0.00075,0.21200833333333333,2.1259104166666667,1.7069979166666667,0.4065166666666667,0.06105625,0.5324270833333333
20261020,static_entry,lane-first cap 2,0.0,5000,1000,20,0.9610000000000002,0.99925,0.011933333333333334,1.987437499999999,1.9662583333333328,0.0125625,0.9874375,0.0
20261020,evolutionary,speed-first,0.0,5000,1000,20,0.8639083333333335,0.83125,0.04386875,2.930425,2.8237208333333332,0.029314583333333335,0.010945833333333333,0.9597395833333333
20261020,evolutionary,lane-first,0.0,5000,1000,20,0.9416083333333335,0.9765,0.021908333333333332,2.948766666666666,2.8967791666666662,0.020479166666666666,0.010275,0.9692458333333334
20261020,evolutionary,lane-first + 0.5,0.5,5000,1000,20,0.6462458333333334,0.19025,0.12181041666666667,2.0112562499999997,1.7765958333333334,0.47099166666666664,0.046760416666666665,0.48224791666666667
20261020,evolutionary,lane-first cap 2,0.0,5000,1000,20,0.9620125000000002,0.999,0.011610416666666666,1.9870249999999987,1.9663249999999994,0.012975,0.987025,0.0
20261021,static_entry,speed-first,0.0,5000,1000,20,0.57995,0.3505,0.09392291666666666,2.86308125,2.6362500000000004,0.057175,0.02256875,0.92025625
20261021,static_entry,lane-first,0.0,5000,1000,20,0.9257083333333335,0.96,0.03038125,2.9301729166666663,2.858345833333333,0.027770833333333335,0.014285416666666667,0.95794375
20261021,static_entry,lane-first + 0.5,0.5,5000,1000,20,0.24385833333333334,0.00025,0.21055416666666665,2.1190166666666665,1.7028125,0.4101020833333333,0.06077916666666667,0.52911875
20261021,static_entry,lane-first cap 2,0.0,5000,1000,20,0.9619041666666669,0.99975,0.01193125,1.987035416666666,1.965795833333333,0.012964583333333333,0.9870354166666667,0.0
20261021,evolutionary,speed-first,0.0,5000,1000,20,0.9167708333333335,0.91175,0.0338125,2.946297916666666,2.8633229166666667,0.022529166666666666,0.00864375,0.9688270833333333
20261021,evolutionary,lane-first,0.0,5000,1000,20,0.9527208333333335,0.993,0.021008333333333334,2.9497979166666664,2.8999249999999996,0.020060416666666667,0.01008125,0.9698583333333334
20261021,evolutionary,lane-first + 0.5,0.5,5000,1000,20,0.6053333333333333,0.18875,0.11927708333333334,2.00585625,1.7762291666666665,0.47393125,0.04628125,0.4797875
20261021,evolutionary,lane-first cap 2,0.0,5000,1000,20,0.9588500000000002,0.99825,0.013754166666666666,1.9854666666666658,1.961077083333333,0.014533333333333334,0.9854666666666667,0.0
20261022,static_entry,speed-first,0.0,5000,1000,20,0.5969458333333333,0.363,0.08259583333333333,2.879795833333333,2.6793208333333336,0.05044791666666667,0.019308333333333334,0.93024375
20261022,static_entry,lane-first,0.0,5000,1000,20,0.9188458333333333,0.9355,0.03299375,2.924549999999999,2.8463708333333333,0.029935416666666666,0.015579166666666667,0.9544854166666666
20261022,static_entry,lane-first + 0.5,0.5,5000,1000,20,0.23419583333333333,0.0015,0.2148625,2.1266749999999996,1.7007312499999998,0.40592083333333334,0.061483333333333334,0.5325958333333334
20261022,static_entry,lane-first cap 2,0.0,5000,1000,20,0.9594000000000004,0.99875,0.012377083333333334,1.986581249999999,1.9645999999999995,0.01341875,0.98658125,0.0
20261022,evolutionary,speed-first,0.0,5000,1000,20,0.8702791666666667,0.8285,0.037435416666666665,2.9424958333333326,2.8507333333333333,0.024064583333333334,0.009375,0.9665604166666667
20261022,evolutionary,lane-first,0.0,5000,1000,20,0.9494125000000001,0.99275,0.022510416666666668,2.9474937499999996,2.8940166666666665,0.020947916666666667,0.010610416666666667,0.9684416666666666
20261022,evolutionary,lane-first + 0.5,0.5,5000,1000,20,0.5311458333333333,0.16525,0.12312291666666667,2.0057791666666667,1.7677874999999998,0.47348541666666666,0.04725,0.4792645833333333
20261022,evolutionary,lane-first cap 2,0.0,5000,1000,20,0.9613375000000001,0.999,0.01178125,1.987406249999999,1.9663874999999995,0.01259375,0.98740625,0.0
20261023,static_entry,speed-first,0.0,5000,1000,20,0.6505583333333333,0.49275,0.06982916666666666,2.8924499999999993,2.7231875,0.04500625,0.0175375,0.93745625
20261023,static_entry,lane-first,0.0,5000,1000,20,0.9040333333333336,0.91675,0.03179375,2.9277874999999995,2.8528104166666672,0.028866666666666665,0.014479166666666666,0.9566541666666667
20261023,static_entry,lane-first + 0.5,0.5,5000,1000,20,0.21688750000000004,0.001,0.21639791666666666,2.120508333333334,1.69209375,0.40912916666666665,0.061233333333333334,0.5296375
20261023,static_entry,lane-first cap 2,0.0,5000,1000,20,0.9606333333333336,0.99975,0.012385416666666666,1.9865624999999991,1.9645374999999994,0.0134375,0.9865625,0.0
20261023,evolutionary,speed-first,0.0,5000,1000,20,0.8056333333333334,0.70125,0.04506458333333333,2.9316375,2.82108125,0.028591666666666668,0.011179166666666667,0.9602291666666667
20261023,evolutionary,lane-first,0.0,5000,1000,20,0.8961458333333335,0.8995,0.029835416666666666,2.932924999999999,2.8620395833333334,0.02679375,0.0134875,0.95971875
20261023,evolutionary,lane-first + 0.5,0.5,5000,1000,20,0.5491416666666666,0.1535,0.12234583333333333,2.0077833333333333,1.7717833333333333,0.47228125,0.047654166666666664,0.48006458333333335
20261023,evolutionary,lane-first cap 2,0.0,5000,1000,20,0.9593083333333335,0.99925,0.0119375,1.986745833333332,1.9654729166666662,0.013254166666666666,0.9867458333333333,0.0
20261024,static_entry,speed-first,0.0,5000,1000,20,0.5589833333333334,0.3195,0.09702916666666667,2.85984375,2.6245374999999997,0.058535416666666666,0.023085416666666667,0.9183791666666666
20261024,static_entry,lane-first,0.0,5000,1000,20,0.8925625,0.8875,0.036622916666666665,2.9158729166666664,2.8295645833333336,0.0335375,0.017052083333333332,0.9494104166666667
20261024,static_entry,lane-first + 0.5,0.5,5000,1000,20,0.21517083333333334,0.001,0.21351875,2.124822916666667,1.7024000000000001,0.4070416666666667,0.06109375,0.5318645833333333
20261024,static_entry,lane-first cap 2,0.0,5000,1000,20,0.9623708333333336,0.99725,0.01129375,1.9876083333333323,1.9675895833333328,0.012391666666666667,0.9876083333333333,0.0
20261024,evolutionary,speed-first,0.0,5000,1000,20,0.8017000000000001,0.69875,0.043679166666666665,2.932139583333333,2.825347916666666,0.028454166666666666,0.010952083333333333,0.96059375
20261024,evolutionary,lane-first,0.0,5000,1000,20,0.9538875,0.993,0.020247916666666668,2.951377083333333,2.90335625,0.019335416666666667,0.009952083333333334,0.9707125
20261024,evolutionary,lane-first + 0.5,0.5,5000,1000,20,0.40884583333333324,0.0725,0.13572083333333335,2.0155291666666666,1.75185,0.4668333333333333,0.050804166666666664,0.4823625
20261024,evolutionary,lane-first cap 2,0.0,5000,1000,20,0.9620833333333335,1.0,0.012091666666666667,1.986537499999999,1.965160416666666,0.0134625,0.9865375,0.0
20261025,static_entry,speed-first,0.0,5000,1000,20,0.6175458333333333,0.403,0.08614166666666667,2.8758041666666663,2.6670104166666664,0.051991666666666665,0.0202125,0.9277958333333334
20261025,static_entry,lane-first,0.0,5000,1000,20,0.8887125000000001,0.90225,0.03659375,2.9163458333333327,2.82969375,0.03345416666666667,0.016745833333333335,0.9498
20261025,static_entry,lane-first + 0.5,0.5,5000,1000,20,0.2546625,0.0,0.21556666666666666,2.1276374999999996,1.7007875,0.4054375,0.0614875,0.533075
20261025,static_entry,lane-first cap 2,0.0,5000,1000,20,0.9635625000000001,0.99825,0.01156875,1.987629166666666,1.967052083333333,0.012370833333333333,0.9876291666666667,0.0
20261025,evolutionary,speed-first,0.0,5000,1000,20,0.9302166666666667,0.93525,0.02841875,2.9545812499999995,2.8851229166666665,0.019110416666666668,0.007197916666666667,0.9736916666666666
20261025,evolutionary,lane-first,0.0,5000,1000,20,0.9516125000000002,0.99575,0.02158125,2.9475062499999987,2.8962604166666654,0.0210375,0.01041875,0.96854375
20261025,evolutionary,lane-first + 0.5,0.5,5000,1000,20,0.6343875,0.18475,0.12221458333333333,2.0179020833333334,1.7820208333333332,0.4675916666666667,0.046914583333333336,0.48549375
20261025,evolutionary,lane-first cap 2,0.0,5000,1000,20,0.9596083333333336,0.9985,0.012952083333333333,1.986093749999999,1.9631624999999995,0.01390625,0.98609375,0.0
20261026,static_entry,speed-first,0.0,5000,1000,20,0.7812499999999999,0.638,0.06330625,2.9022104166666667,2.7488791666666668,0.04101458333333333,0.015760416666666666,0.943225
20261026,static_entry,lane-first,0.0,5000,1000,20,0.9264333333333334,0.95375,0.029802083333333333,2.932022916666666,2.8614645833333325,0.027045833333333335,0.013885416666666667,0.95906875
20261026,static_entry,lane-first + 0.5,0.5,5000,1000,20,0.23978750000000001,0.002,0.21524375,2.1233,1.6969437500000002,0.4075479166666667,0.06160416666666667,0.5308479166666666
20261026,static_entry,lane-first cap 2,0.0,5000,1000,20,0.9611833333333336,0.9995,0.012472916666666667,1.986693749999999,1.964564583333333,0.01330625,0.98669375,0.0
20261026,evolutionary,speed-first,0.0,5000,1000,20,0.9091708333333334,0.8945,0.036975,2.9404187499999996,2.8498479166666666,0.02490208333333333,0.009777083333333334,0.9653208333333333
20261026,evolutionary,lane-first,0.0,5000,1000,20,0.9476500000000001,0.9825,0.021635416666666667,2.9475499999999992,2.8962958333333337,0.020935416666666668,0.010579166666666667,0.9684854166666667
20261026,evolutionary,lane-first + 0.5,0.5,5000,1000,20,0.7256333333333335,0.25675,0.11353333333333333,1.9996020833333337,1.7798791666666667,0.4775041666666667,0.04538958333333333,0.47710625
20261026,evolutionary,lane-first cap 2,0.0,5000,1000,20,0.9635833333333335,1.0,0.0115875,1.9873895833333322,1.966710416666666,0.012610416666666667,0.9873895833333334,0.0
20261027,static_entry,speed-first,0.0,5000,1000,20,0.7208166666666668,0.554,0.07226875,2.8901729166666663,2.7144416666666666,0.045975,0.01787708333333333,0.9361479166666666
20261027,static_entry,lane-first,0.0,5000,1000,20,0.9301999999999999,0.96925,0.028572916666666667,2.931989583333333,2.8642354166666664,0.027220833333333333,0.01356875,0.9592104166666666
20261027,static_entry,lane-first + 0.5,0.5,5000,1000,20,0.2283041666666667,0.00125,0.21187708333333333,2.1228166666666666,1.7041645833333332,0.4079291666666667,0.061325,0.5307458333333334
20261027,static_entry,lane-first cap 2,0.0,5000,1000,20,0.9603125000000002,0.99825,0.012335416666666666,1.9868208333333324,1.9648687499999995,0.013179166666666667,0.9868208333333334,0.0
20261027,evolutionary,speed-first,0.0,5000,1000,20,0.89095,0.87,0.03711875,2.940545833333333,2.8499604166666668,0.02491875,0.009616666666666667,0.9654645833333333
20261027,evolutionary,lane-first,0.0,5000,1000,20,0.9508291666666668,0.988,0.021491666666666666,2.9493249999999995,2.898222916666666,0.02010625,0.0104625,0.96943125
20261027,evolutionary,lane-first + 0.5,0.5,5000,1000,20,0.6770291666666667,0.18625,0.12032291666666667,2.00441875,1.7724624999999998,0.47422708333333335,0.04712708333333333,0.4786458333333333
20261027,evolutionary,lane-first cap 2,0.0,5000,1000,20,0.9637041666666669,1.0,0.011558333333333334,1.9877895833333323,1.9672083333333326,0.012210416666666666,0.9877895833333333,0.0
20261028,static_entry,speed-first,0.0,5000,1000,20,0.506825,0.2625,0.10106666666666667,2.854325,2.6093687500000002,0.061060416666666666,0.023554166666666668,0.9153854166666666
20261028,static_entry,lane-first,0.0,5000,1000,20,0.8770125000000001,0.8725,0.034091666666666666,2.92299375,2.8423791666666665,0.030664583333333332,0.015677083333333335,0.9536583333333334
20261028,static_entry,lane-first + 0.5,0.5,5000,1000,20,0.21778333333333333,0.00025,0.21739375,2.1239145833333333,1.6933479166666665,0.40726875,0.06154791666666667,0.5311833333333333
20261028,static_entry,lane-first cap 2,0.0,5000,1000,20,0.9463458333333336,0.9695,0.014045833333333334,1.9853770833333324,1.960483333333333,0.014622916666666666,0.9853770833333333,0.0
20261028,evolutionary,speed-first,0.0,5000,1000,20,0.8733041666666668,0.803,0.043297916666666665,2.933116666666667,2.827104166666667,0.028041666666666666,0.0108,0.9611583333333333
20261028,evolutionary,lane-first,0.0,5000,1000,20,0.9393208333333335,0.95775,0.022277083333333333,2.9481604166666657,2.8948187499999993,0.02068125,0.010477083333333333,0.9688416666666667
20261028,evolutionary,lane-first + 0.5,0.5,5000,1000,20,0.5544416666666666,0.162,0.12565625,2.0155166666666666,1.7722375,0.4684583333333333,0.04756666666666667,0.483975
20261028,evolutionary,lane-first cap 2,0.0,5000,1000,20,0.9635958333333335,0.99925,0.011810416666666667,1.9867583333333323,1.965797916666666,0.013241666666666667,0.9867583333333333,0.0
20261029,static_entry,speed-first,0.0,5000,1000,20,0.664525,0.48325,0.07635416666666667,2.886216666666667,2.7006895833333333,0.04776458333333333,0.018254166666666665,0.93398125
20261029,static_entry,lane-first,0.0,5000,1000,20,0.9101958333333334,0.92925,0.03283333333333333,2.9247958333333326,2.8470749999999994,0.029860416666666667,0.015483333333333333,0.95465625
20261029,static_entry,lane-first + 0.5,0.5,5000,1000,20,0.21429166666666669,0.0,0.219775,2.123739583333334,1.6878520833333333,0.4068979166666667,0.06246458333333333,0.5306375
20261029,static_entry,lane-first cap 2,0.0,5000,1000,20,0.9616791666666669,0.99975,0.0115125,1.9872833333333324,1.9668916666666663,0.012716666666666666,0.9872833333333333,0.0
20261029,evolutionary,speed-first,0.0,5000,1000,20,0.9138291666666668,0.9085,0.031039583333333332,2.950062499999999,2.873889583333333,0.021002083333333334,0.007933333333333334,0.9710645833333333
20261029,evolutionary,lane-first,0.0,5000,1000,20,0.9459916666666668,0.993,0.0232875,2.944985416666666,2.889277083333333,0.021889583333333334,0.011235416666666666,0.966875
20261029,evolutionary,lane-first + 0.5,0.5,5000,1000,20,0.6227291666666668,0.1735,0.11968541666666667,2.006133333333333,1.7764291666666665,0.4734791666666667,0.04690833333333334,0.4796125
20261029,evolutionary,lane-first cap 2,0.0,5000,1000,20,0.9619625,0.99825,0.011922916666666667,1.9868208333333321,1.9656770833333328,0.013179166666666667,0.9868208333333334,0.0
20261030,static_entry,speed-first,0.0,5000,1000,20,0.6995583333333334,0.52975,0.06692916666666666,2.897202083333333,2.734497916666667,0.04299375,0.016810416666666668,0.9401958333333333
20261030,static_entry,lane-first,0.0,5000,1000,20,0.9205166666666666,0.93375,0.031460416666666664,2.9283312499999994,2.8539479166666664,0.02848125,0.01470625,0.9568125
20261030,static_entry,lane-first + 0.5,0.5,5000,1000,20,0.25675,0.0005,0.21379583333333332,2.1255395833333335,1.7026020833333335,0.4065416666666667,0.06137708333333333,0.53208125
20261030,static_entry,lane-first cap 2,0.0,5000,1000,20,0.9613458333333336,1.0,0.012195833333333333,1.9873770833333324,1.965635416666666,0.012622916666666666,0.9873770833333333,0.0
20261030,evolutionary,speed-first,0.0,5000,1000,20,0.807575,0.74075,0.04629166666666667,2.927627083333333,2.8148604166666664,0.03034375,0.011685416666666667,0.9579708333333333
20261030,evolutionary,lane-first,0.0,5000,1000,20,0.9510625000000001,0.99325,0.02084375,2.951410416666666,2.901791666666666,0.019370833333333334,0.009847916666666666,0.97078125
20261030,evolutionary,lane-first + 0.5,0.5,5000,1000,20,0.5088791666666668,0.1075,0.13082291666666668,2.0208875,1.7673812500000001,0.4649270833333333,0.049258333333333335,0.4858145833333333
20261030,evolutionary,lane-first cap 2,0.0,5000,1000,20,0.9601875,0.99875,0.012639583333333333,1.9865270833333324,1.964077083333333,0.013472916666666666,0.9865270833333334,0.0
