seed,implementation,scenario,steps,burn_in,population,ring_y,lookahead,error_rate,max_speed,mean_convention_strength,final_convention_strength,mean_disposition_strength,mean_speed,replacement_rate,time_to_convention,coordinated_fraction,coordination_entries,mean_coordinated_episode,longest_coordinated_episode,final_habit_share,final_convention_share,final_social_habit_share,final_all_three_share
20260901,synchronous_capability,no_habit,5000,1000,120,300,20,0.01,3,0.5908666666666667,0.6166666666666667,0.0,2.9416312499999995,0.09711041666666667,60,0.36525,137,10.664233576642335,91,0.0,0.0,0.0,0.0
20260901,synchronous_capability,habit,5000,1000,120,300,20,0.01,3,0.9537291666666667,0.9166666666666666,0.8071511979426137,2.9788395833333325,0.027929166666666668,103,0.99875,5,799.0,1456,1.0,0.0,0.0,0.0
20260901,synchronous_capability,convention,5000,1000,120,300,20,0.01,3,0.9376666666666668,0.9833333333333333,0.7920233600401232,2.9790458333333323,0.027197916666666665,35,0.96325,12,321.0833333333333,1649,0.0,1.0,0.0,0.0
20260901,synchronous_capability,socially_formed_habit,5000,1000,120,300,20,0.01,3,0.956854166666667,0.9,0.7673552895801432,2.980147916666666,0.02644375,82,0.99975,2,1999.5,3490,0.0,0.0,1.0,0.0
20260901,synchronous_capability,mixture_static_replacement,5000,1000,120,300,20,0.01,3,0.9594958333333335,0.9666666666666667,0.8052208145862036,2.9804833333333325,0.02535,15,0.999,5,799.2,2265,0.55,0.5083333333333333,0.5166666666666667,0.14166666666666666
20260901,synchronous_capability,mixture_evolutionary_replacement,5000,1000,120,300,20,0.01,3,0.9642541666666669,1.0,0.7416100089482841,2.981570833333332,0.0238625,62,0.99975,2,1999.5,3260,0.3333333333333333,0.35,0.44166666666666665,0.05
20260901,sequential_reference,no_habit,5000,1000,120,300,20,0.01,1,0.7978666666666668,0.9833333333333333,0.0,1.0,0.006764583333333333,292,0.74475,42,70.92857142857143,638,NaN,NaN,NaN,NaN
20260901,sequential_reference,habit,5000,1000,120,300,20,0.01,1,0.9732166666666671,1.0,0.956863701567793,1.0,0.00501875,162,1.0,1,4000.0,4000,NaN,NaN,NaN,NaN
20260902,synchronous_capability,no_habit,5000,1000,120,300,20,0.01,3,0.590075,0.36666666666666664,0.0,2.9427374999999993,0.09282708333333334,83,0.36325,130,11.176923076923076,98,0.0,0.0,0.0,0.0
20260902,synchronous_capability,habit,5000,1000,120,300,20,0.01,3,0.9556291666666669,0.9666666666666667,0.8115339135878357,2.979147916666666,0.027166666666666665,113,0.999,5,799.2,1432,1.0,0.0,0.0,0.0
20260902,synchronous_capability,convention,5000,1000,120,300,20,0.01,3,0.9568541666666668,0.9666666666666667,0.7997038880278668,2.9798729166666655,0.026310416666666666,108,0.9995,3,1332.6666666666667,3035,0.0,1.0,0.0,0.0
20260902,synchronous_capability,socially_formed_habit,5000,1000,120,300,20,0.01,3,0.9565333333333336,0.9166666666666666,0.7672684624910789,2.9807791666666654,0.026116666666666667,47,0.999,5,799.2,1240,0.0,0.0,1.0,0.0
20260902,synchronous_capability,mixture_static_replacement,5000,1000,120,300,20,0.01,3,0.9565583333333334,0.9,0.7973087254405563,2.9797270833333322,0.026372916666666666,12,0.99925,4,999.25,1645,0.5666666666666667,0.5,0.5166666666666667,0.10833333333333334
20260902,synchronous_capability,mixture_evolutionary_replacement,5000,1000,120,300,20,0.01,3,0.9688000000000002,0.9666666666666667,0.7295279404090217,2.983577083333332,0.020985416666666666,147,1.0,1,4000.0,4000,0.8166666666666667,0.675,0.35,0.1
20260902,sequential_reference,no_habit,5000,1000,120,300,20,0.01,1,0.8764875000000001,0.9166666666666666,0.0,1.0,0.006170833333333334,168,0.85475,22,155.4090909090909,624,NaN,NaN,NaN,NaN
20260902,sequential_reference,habit,5000,1000,120,300,20,0.01,1,0.9723750000000004,0.9666666666666667,0.9545724563966471,1.0,0.005147916666666667,289,1.0,1,4000.0,4000,NaN,NaN,NaN,NaN
20260903,synchronous_capability,no_habit,5000,1000,120,300,20,0.01,3,0.6084666666666667,0.35,0.0,2.9421874999999993,0.09534375,68,0.4045,150,10.786666666666667,168,0.0,0.0,0.0,0.0
20260903,synchronous_capability,habit,5000,1000,120,300,20,0.01,3,0.9562916666666668,1.0,0.8156536572729323,2.9792937499999983,0.026510416666666668,33,1.0,1,4000.0,4000,1.0,0.0,0.0,0.0
20260903,synchronous_capability,convention,5000,1000,120,300,20,0.01,3,0.9567291666666667,0.95,0.8030094682797121,2.9796895833333323,0.02595625,81,1.0,1,4000.0,4000,0.0,1.0,0.0,0.0
20260903,synchronous_capability,socially_formed_habit,5000,1000,120,300,20,0.01,3,0.9593208333333334,0.95,0.7741271879932435,2.9802437499999987,0.025375,103,0.99975,2,1999.5,3854,0.0,0.0,1.0,0.0
20260903,synchronous_capability,mixture_static_replacement,5000,1000,120,300,20,0.01,3,0.9583916666666669,0.8833333333333333,0.80107274811218,2.9795645833333317,0.025804166666666666,35,1.0,1,4000.0,4000,0.5416666666666666,0.5333333333333333,0.5083333333333333,0.15833333333333333
20260903,synchronous_capability,mixture_evolutionary_replacement,5000,1000,120,300,20,0.01,3,0.9675833333333337,1.0,0.7372037928356155,2.9836749999999994,0.02156875,22,1.0,1,4000.0,4000,0.775,0.18333333333333332,0.4083333333333333,0.0
20260903,sequential_reference,no_habit,5000,1000,120,300,20,0.01,1,0.7721125,0.95,0.0,1.0,0.006802083333333334,34,0.6515,36,72.38888888888889,958,NaN,NaN,NaN,NaN
20260903,sequential_reference,habit,5000,1000,120,300,20,0.01,1,0.9735125000000004,0.9666666666666667,0.9552505311426027,1.0,0.005270833333333333,295,1.0,1,4000.0,4000,NaN,NaN,NaN,NaN
20260904,synchronous_capability,no_habit,5000,1000,120,300,20,0.01,3,0.5507291666666667,0.8333333333333334,0.0,2.9410125,0.09565,47,0.328,97,13.525773195876289,115,0.0,0.0,0.0,0.0
20260904,synchronous_capability,habit,5000,1000,120,300,20,0.01,3,0.9553791666666668,0.9666666666666667,0.8128684963501046,2.9790958333333317,0.027108333333333335,65,0.99925,4,999.25,1985,1.0,0.0,0.0,0.0
20260904,synchronous_capability,convention,5000,1000,120,300,20,0.01,3,0.9577916666666669,0.9,0.8019793480206232,2.9802104166666648,0.0260625,63,0.99975,2,1999.5,3005,0.0,1.0,0.0,0.0
20260904,synchronous_capability,socially_formed_habit,5000,1000,120,300,20,0.01,3,0.9596750000000002,0.9666666666666667,0.7756723819074992,2.9806416666666653,0.02465625,15,0.99975,2,1999.5,3643,0.0,0.0,1.0,0.0
20260904,synchronous_capability,mixture_static_replacement,5000,1000,120,300,20,0.01,3,0.9596625000000001,0.9666666666666667,0.8043126351582589,2.9806874999999993,0.025214583333333332,74,0.9995,3,1332.6666666666667,2735,0.5416666666666666,0.5333333333333333,0.5583333333333333,0.19166666666666668
20260904,synchronous_capability,mixture_evolutionary_replacement,5000,1000,120,300,20,0.01,3,0.9683625000000003,0.9666666666666667,0.785759306122068,2.9837666666666656,0.021716666666666665,45,1.0,1,4000.0,4000,0.8,0.30833333333333335,0.7416666666666667,0.24166666666666667
20260904,sequential_reference,no_habit,5000,1000,120,300,20,0.01,1,0.8611083333333335,0.8833333333333333,0.0,1.0,0.00655625,21,0.83575,18,185.72222222222223,804,NaN,NaN,NaN,NaN
20260904,sequential_reference,habit,5000,1000,120,300,20,0.01,1,0.9726500000000005,0.95,0.9536135481351428,1.0,0.00524375,95,1.0,1,4000.0,4000,NaN,NaN,NaN,NaN
20260905,synchronous_capability,no_habit,5000,1000,120,300,20,0.01,3,0.5691999999999999,0.03333333333333333,0.0,2.9402375,0.0983125,32,0.359,110,13.054545454545455,138,0.0,0.0,0.0,0.0
20260905,synchronous_capability,habit,5000,1000,120,300,20,0.01,3,0.9549375,0.9666666666666667,0.813528864335951,2.9783354166666656,0.027077083333333335,98,0.99825,4,998.25,1926,1.0,0.0,0.0,0.0
20260905,synchronous_capability,convention,5000,1000,120,300,20,0.01,3,0.9522541666666668,0.9833333333333333,0.7902622736126262,2.9776979166666657,0.027991666666666668,18,0.99675,11,362.45454545454544,1090,0.0,1.0,0.0,0.0
20260905,synchronous_capability,socially_formed_habit,5000,1000,120,300,20,0.01,3,0.9537208333333336,0.9166666666666666,0.7650474903421229,2.980085416666666,0.026552083333333334,122,0.993,8,496.5,1651,0.0,0.0,1.0,0.0
20260905,synchronous_capability,mixture_static_replacement,5000,1000,120,300,20,0.01,3,0.9594625000000001,0.9666666666666667,0.8032744616368768,2.9805624999999987,0.025252083333333335,44,0.999,4,999.0,2295,0.5,0.5333333333333333,0.49166666666666664,0.15
20260905,synchronous_capability,mixture_evolutionary_replacement,5000,1000,120,300,20,0.01,3,0.9645583333333336,0.95,0.6928180417927817,2.982718749999999,0.023304166666666667,18,0.99975,2,1999.5,3374,0.26666666666666666,0.7083333333333334,0.725,0.09166666666666666
20260905,sequential_reference,no_habit,5000,1000,120,300,20,0.01,1,0.7696416666666667,0.8666666666666667,0.0,1.0,0.0067666666666666665,190,0.69325,39,71.1025641025641,390,NaN,NaN,NaN,NaN
20260905,sequential_reference,habit,5000,1000,120,300,20,0.01,1,0.9722791666666671,0.9666666666666667,0.9549724345679035,1.0,0.005158333333333333,128,1.0,1,4000.0,4000,NaN,NaN,NaN,NaN
20260906,synchronous_capability,no_habit,5000,1000,120,300,20,0.01,3,0.5490583333333333,0.9,0.0,2.9407645833333325,0.09687916666666667,213,0.322,145,8.882758620689655,96,0.0,0.0,0.0,0.0
20260906,synchronous_capability,habit,5000,1000,120,300,20,0.01,3,0.9545958333333335,0.9666666666666667,0.8110460494157473,2.978210416666666,0.027341666666666667,68,0.9995,3,1332.6666666666667,3229,1.0,0.0,0.0,0.0
20260906,synchronous_capability,convention,5000,1000,120,300,20,0.01,3,0.9566041666666668,0.9166666666666666,0.7995591987218897,2.979495833333332,0.02653125,21,0.99925,4,999.25,2270,0.0,1.0,0.0,0.0
20260906,synchronous_capability,socially_formed_habit,5000,1000,120,300,20,0.01,3,0.9598041666666668,1.0,0.7738598194488956,2.980889583333332,0.024827083333333333,93,1.0,1,4000.0,4000,0.0,0.0,1.0,0.0
20260906,synchronous_capability,mixture_static_replacement,5000,1000,120,300,20,0.01,3,0.9590750000000002,0.9833333333333333,0.803053443980646,2.980029166666666,0.025479166666666667,235,0.99925,4,999.25,2073,0.575,0.45,0.4583333333333333,0.09166666666666666
20260906,synchronous_capability,mixture_evolutionary_replacement,5000,1000,120,300,20,0.01,3,0.968879166666667,1.0,0.7354258979780075,2.984681249999999,0.02108958333333333,21,1.0,1,4000.0,4000,0.6583333333333333,0.8666666666666667,0.525,0.325
20260906,sequential_reference,no_habit,5000,1000,120,300,20,0.01,1,0.8073875,0.26666666666666666,0.0,1.0,0.00666875,255,0.736,30,98.13333333333334,427,NaN,NaN,NaN,NaN
20260906,sequential_reference,habit,5000,1000,120,300,20,0.01,1,0.9723625000000005,0.9833333333333333,0.9544771486762662,1.0,0.005110416666666667,172,1.0,1,4000.0,4000,NaN,NaN,NaN,NaN
20260907,synchronous_capability,no_habit,5000,1000,120,300,20,0.01,3,0.6528791666666667,0.95,0.0,2.945645833333333,0.08693541666666667,169,0.468,180,10.4,64,0.0,0.0,0.0,0.0
20260907,synchronous_capability,habit,5000,1000,120,300,20,0.01,3,0.9548333333333335,0.9666666666666667,0.8121660736202341,2.978239583333332,0.027279166666666667,91,0.99875,6,665.8333333333334,3193,1.0,0.0,0.0,0.0
20260907,synchronous_capability,convention,5000,1000,120,300,20,0.01,3,0.9558166666666668,0.9666666666666667,0.7972599556540906,2.9800333333333318,0.027075,26,0.99825,5,798.6,1122,0.0,1.0,0.0,0.0
20260907,synchronous_capability,socially_formed_habit,5000,1000,120,300,20,0.01,3,0.9587000000000002,0.9833333333333333,0.7721246484231565,2.980249999999999,0.0255875,46,0.99925,4,999.25,1820,0.0,0.0,1.0,0.0
20260907,synchronous_capability,mixture_static_replacement,5000,1000,120,300,20,0.01,3,0.9602666666666668,0.9666666666666667,0.8042526453130016,2.9811416666666655,0.024770833333333332,37,0.99975,2,1999.5,3279,0.4,0.5,0.5416666666666666,0.09166666666666666
20260907,synchronous_capability,mixture_evolutionary_replacement,5000,1000,120,300,20,0.01,3,0.9653958333333337,0.9666666666666667,0.7374650101127631,2.9832354166666653,0.023183333333333334,53,1.0,1,4000.0,4000,0.95,0.4,0.35,0.041666666666666664
20260907,sequential_reference,no_habit,5000,1000,120,300,20,0.01,1,0.8027624999999999,0.9166666666666666,0.0,1.0,0.006695833333333333,81,0.7515,26,115.61538461538461,532,NaN,NaN,NaN,NaN
20260907,sequential_reference,habit,5000,1000,120,300,20,0.01,1,0.9710333333333337,1.0,0.9516249881488297,1.0,0.00540625,46,1.0,1,4000.0,4000,NaN,NaN,NaN,NaN
20260908,synchronous_capability,no_habit,5000,1000,120,300,20,0.01,3,0.5270208333333333,0.05,0.0,2.939064583333333,0.10263541666666667,20,0.3,142,8.450704225352112,59,0.0,0.0,0.0,0.0
20260908,synchronous_capability,habit,5000,1000,120,300,20,0.01,3,0.9536083333333335,0.8833333333333333,0.8121066636588898,2.9785708333333325,0.0272625,132,0.99875,5,799.0,2068,1.0,0.0,0.0,0.0
20260908,synchronous_capability,convention,5000,1000,120,300,20,0.01,3,0.9486375000000001,0.9666666666666667,0.8039727799291865,2.980420833333332,0.02553125,194,0.9835,5,786.8,1718,0.0,1.0,0.0,0.0
20260908,synchronous_capability,socially_formed_habit,5000,1000,120,300,20,0.01,3,0.9598791666666668,0.9333333333333333,0.7754337354246124,2.9809624999999986,0.024629166666666667,112,0.9995,3,1332.6666666666667,1803,0.0,0.0,1.0,0.0
20260908,synchronous_capability,mixture_static_replacement,5000,1000,120,300,20,0.01,3,0.9596291666666668,1.0,0.8055844931711189,2.9808291666666653,0.02498125,26,0.99975,2,1999.5,3698,0.525,0.5166666666666667,0.5166666666666667,0.175
20260908,synchronous_capability,mixture_evolutionary_replacement,5000,1000,120,300,20,0.01,3,0.9686125000000003,0.9333333333333333,0.7052432378496637,2.9839687499999985,0.021264583333333333,109,1.0,1,4000.0,4000,0.20833333333333334,0.9583333333333334,0.7166666666666667,0.03333333333333333
20260908,sequential_reference,no_habit,5000,1000,120,300,20,0.01,1,0.7498458333333335,0.95,0.0,1.0,0.006664583333333333,42,0.64475,43,59.97674418604651,509,NaN,NaN,NaN,NaN
20260908,sequential_reference,habit,5000,1000,120,300,20,0.01,1,0.9723083333333337,0.95,0.9557337439299448,1.0,0.005135416666666667,66,1.0,1,4000.0,4000,NaN,NaN,NaN,NaN
20260909,synchronous_capability,no_habit,5000,1000,120,300,20,0.01,3,0.6464666666666667,0.8833333333333333,0.0,2.9440354166666665,0.08886041666666666,63,0.47625,148,12.871621621621621,108,0.0,0.0,0.0,0.0
20260909,synchronous_capability,habit,5000,1000,120,300,20,0.01,3,0.9554666666666668,0.9833333333333333,0.8150630724802616,2.978864583333332,0.02673125,30,0.99925,3,1332.3333333333333,1907,1.0,0.0,0.0,0.0
20260909,synchronous_capability,convention,5000,1000,120,300,20,0.01,3,0.9439125,0.21666666666666667,0.8005330138905163,2.980491666666665,0.0261,50,0.97225,5,777.8,1786,0.0,1.0,0.0,0.0
20260909,synchronous_capability,socially_formed_habit,5000,1000,120,300,20,0.01,3,0.9593833333333335,0.9166666666666666,0.7735329137734924,2.980931249999999,0.024891666666666666,11,1.0,1,4000.0,4000,0.0,0.0,1.0,0.0
20260909,synchronous_capability,mixture_static_replacement,5000,1000,120,300,20,0.01,3,0.9601500000000002,0.9333333333333333,0.8044225909722504,2.9809374999999987,0.024952083333333333,31,0.99975,2,1999.5,3212,0.5916666666666667,0.5,0.5,0.2
20260909,synchronous_capability,mixture_evolutionary_replacement,5000,1000,120,300,20,0.01,3,0.9666375000000003,0.9,0.7679423596055293,2.983583333333332,0.021772916666666666,15,1.0,1,4000.0,4000,0.5,0.48333333333333334,0.4166666666666667,0.025
20260909,sequential_reference,no_habit,5000,1000,120,300,20,0.01,1,0.7738125000000001,0.9833333333333333,0.0,1.0,0.006727083333333333,137,0.6735,39,69.07692307692308,369,NaN,NaN,NaN,NaN
20260909,sequential_reference,habit,5000,1000,120,300,20,0.01,1,0.9719750000000004,1.0,0.9534741137254764,1.0,0.00521875,96,1.0,1,4000.0,4000,NaN,NaN,NaN,NaN
20260910,synchronous_capability,no_habit,5000,1000,120,300,20,0.01,3,0.6011083333333334,0.45,0.0,2.9406291666666666,0.09746041666666666,190,0.38075,150,10.153333333333334,89,0.0,0.0,0.0,0.0
20260910,synchronous_capability,habit,5000,1000,120,300,20,0.01,3,0.954591666666667,1.0,0.8174731158956953,2.9799562499999994,0.026314583333333332,28,0.99475,12,331.5833333333333,2134,1.0,0.0,0.0,0.0
20260910,synchronous_capability,convention,5000,1000,120,300,20,0.01,3,0.9585250000000002,0.9666666666666667,0.8068686596440688,2.9801604166666658,0.025245833333333332,9,0.99975,2,1999.5,2416,0.0,1.0,0.0,0.0
20260910,synchronous_capability,socially_formed_habit,5000,1000,120,300,20,0.01,3,0.9583875000000002,0.95,0.7705112885672756,2.980674999999999,0.026035416666666665,22,0.9995,3,1332.6666666666667,2621,0.0,0.0,1.0,0.0
20260910,synchronous_capability,mixture_static_replacement,5000,1000,120,300,20,0.01,3,0.9594750000000003,1.0,0.8047432466540927,2.980997916666665,0.024908333333333334,43,0.99975,2,1999.5,2672,0.4666666666666667,0.5416666666666666,0.5166666666666667,0.10833333333333334
20260910,synchronous_capability,mixture_evolutionary_replacement,5000,1000,120,300,20,0.01,3,0.9676875000000003,1.0,0.7314279143832165,2.982981249999999,0.021839583333333332,56,1.0,1,4000.0,4000,0.35,0.38333333333333336,0.6,0.14166666666666666
20260910,sequential_reference,no_habit,5000,1000,120,300,20,0.01,1,0.6995250000000001,0.8333333333333334,0.0,1.0,0.006985416666666667,20,0.5665,46,49.26086956521739,793,NaN,NaN,NaN,NaN
20260910,sequential_reference,habit,5000,1000,120,300,20,0.01,1,0.9721208333333338,1.0,0.9556426540926569,1.0,0.004933333333333333,9,1.0,1,4000.0,4000,NaN,NaN,NaN,NaN
20260911,synchronous_capability,no_habit,5000,1000,120,300,20,0.01,3,0.6065791666666667,0.13333333333333333,0.0,2.942420833333333,0.09483958333333334,22,0.40225,153,10.516339869281046,102,0.0,0.0,0.0,0.0
20260911,synchronous_capability,habit,5000,1000,120,300,20,0.01,3,0.9544708333333335,0.95,0.8089136028895827,2.977674999999999,0.027697916666666666,77,0.99975,2,1999.5,2912,1.0,0.0,0.0,0.0
20260911,synchronous_capability,convention,5000,1000,120,300,20,0.01,3,0.9568208333333335,0.9166666666666666,0.8029063655347193,2.9792979166666655,0.026029166666666666,99,0.99825,6,665.5,1861,0.0,1.0,0.0,0.0
20260911,synchronous_capability,socially_formed_habit,5000,1000,120,300,20,0.01,3,0.9599583333333335,0.9333333333333333,0.7756168929750297,2.981468749999999,0.024554166666666665,25,0.99975,2,1999.5,2082,0.0,0.0,1.0,0.0
20260911,synchronous_capability,mixture_static_replacement,5000,1000,120,300,20,0.01,3,0.9587083333333335,0.95,0.8051862864004231,2.9800458333333326,0.02512291666666667,30,0.99925,4,999.25,2162,0.49166666666666664,0.5166666666666667,0.575,0.15833333333333333
20260911,synchronous_capability,mixture_evolutionary_replacement,5000,1000,120,300,20,0.01,3,0.9680500000000003,0.9666666666666667,0.7829856004869321,2.9835770833333326,0.021472916666666668,183,1.0,1,4000.0,4000,0.8333333333333334,0.7583333333333333,0.7,0.5
20260911,sequential_reference,no_habit,5000,1000,120,300,20,0.01,1,0.7532000000000001,0.8666666666666667,0.0,1.0,0.0066875,125,0.6535,26,100.53846153846153,588,NaN,NaN,NaN,NaN
20260911,sequential_reference,habit,5000,1000,120,300,20,0.01,1,0.970854166666667,0.9666666666666667,0.9526619441908215,1.0,0.005297916666666667,54,1.0,1,4000.0,4000,NaN,NaN,NaN,NaN
20260912,synchronous_capability,no_habit,5000,1000,120,300,20,0.01,3,0.508475,0.2833333333333333,0.0,2.9405541666666664,0.099125,187,0.2565,103,9.96116504854369,124,0.0,0.0,0.0,0.0
20260912,synchronous_capability,habit,5000,1000,120,300,20,0.01,3,0.9525666666666667,0.95,0.8026445589924399,2.9778312499999995,0.02863125,30,0.999,5,799.2,2425,1.0,0.0,0.0,0.0
20260912,synchronous_capability,convention,5000,1000,120,300,20,0.01,3,0.9303458333333335,0.9833333333333333,0.795567627923289,2.9791999999999987,0.026691666666666666,25,0.955,9,424.44444444444446,1582,0.0,1.0,0.0,0.0
20260912,synchronous_capability,socially_formed_habit,5000,1000,120,300,20,0.01,3,0.9573291666666668,0.9666666666666667,0.7696019614741678,2.9802458333333326,0.02593125,18,0.99925,3,1332.3333333333333,2944,0.0,0.0,1.0,0.0
20260912,synchronous_capability,mixture_static_replacement,5000,1000,120,300,20,0.01,3,0.9590041666666669,0.9333333333333333,0.8005385464086436,2.980095833333333,0.025672916666666667,6,0.9995,3,1332.6666666666667,3164,0.525,0.475,0.43333333333333335,0.06666666666666667
20260912,synchronous_capability,mixture_evolutionary_replacement,5000,1000,120,300,20,0.01,3,0.9670833333333337,0.9833333333333333,0.7240781647812943,2.983797916666666,0.021652083333333332,129,0.99975,2,1999.5,3386,0.7666666666666667,0.225,0.625,0.05
20260912,sequential_reference,no_habit,5000,1000,120,300,20,0.01,1,0.6455333333333333,0.9833333333333333,0.0,1.0,0.007135416666666667,7,0.46525,40,46.525,283,NaN,NaN,NaN,NaN
20260912,sequential_reference,habit,5000,1000,120,300,20,0.01,1,0.971616666666667,0.9666666666666667,0.9535284794053105,1.0,0.00529375,5,1.0,1,4000.0,4000,NaN,NaN,NaN,NaN
20260913,synchronous_capability,no_habit,5000,1000,120,300,20,0.01,3,0.6178541666666667,0.55,0.0,2.944783333333333,0.08987083333333333,123,0.42325,133,12.729323308270677,86,0.0,0.0,0.0,0.0
20260913,synchronous_capability,habit,5000,1000,120,300,20,0.01,3,0.9569625000000003,0.9333333333333333,0.8199233309686603,2.979566666666665,0.025841666666666666,54,0.99925,3,1332.3333333333333,2186,1.0,0.0,0.0,0.0
20260913,synchronous_capability,convention,5000,1000,120,300,20,0.01,3,0.9359500000000002,0.9833333333333333,0.7958813434066576,2.9794666666666654,0.0269125,35,0.963,9,428.0,939,0.0,1.0,0.0,0.0
20260913,synchronous_capability,socially_formed_habit,5000,1000,120,300,20,0.01,3,0.9571416666666669,0.9,0.7692591079338277,2.980737499999999,0.025702083333333334,108,1.0,1,4000.0,4000,0.0,0.0,1.0,0.0
20260913,synchronous_capability,mixture_static_replacement,5000,1000,120,300,20,0.01,3,0.9579625000000002,0.9166666666666666,0.7991884442924178,2.9796166666666655,0.02621875,75,0.99875,5,799.0,1755,0.49166666666666664,0.5833333333333334,0.5666666666666667,0.15833333333333333
20260913,synchronous_capability,mixture_evolutionary_replacement,5000,1000,120,300,20,0.01,3,0.9673500000000002,0.9333333333333333,0.6927141249987376,2.983312499999999,0.021725,75,1.0,1,4000.0,4000,0.49166666666666664,0.4583333333333333,0.6916666666666667,0.19166666666666668
20260913,sequential_reference,no_habit,5000,1000,120,300,20,0.01,1,0.6817666666666666,0.9333333333333333,0.0,1.0,0.006747916666666667,41,0.528,42,50.285714285714285,339,NaN,NaN,NaN,NaN
20260913,sequential_reference,habit,5000,1000,120,300,20,0.01,1,0.9718958333333338,0.9666666666666667,0.953675152365462,1.0,0.00526875,356,1.0,1,4000.0,4000,NaN,NaN,NaN,NaN
20260914,synchronous_capability,no_habit,5000,1000,120,300,20,0.01,3,0.6142874999999999,0.7166666666666667,0.0,2.9457375,0.0900625,16,0.4265,146,11.684931506849315,98,0.0,0.0,0.0,0.0
20260914,synchronous_capability,habit,5000,1000,120,300,20,0.01,3,0.9562208333333334,0.9833333333333333,0.8154406159268115,2.9789354166666655,0.026629166666666666,237,0.9995,3,1332.6666666666667,2856,1.0,0.0,0.0,0.0
20260914,synchronous_capability,convention,5000,1000,120,300,20,0.01,3,0.9491791666666668,0.95,0.7947422538151693,2.9790458333333323,0.027002083333333333,96,0.989,5,791.2,3651,0.0,1.0,0.0,0.0
20260914,synchronous_capability,socially_formed_habit,5000,1000,120,300,20,0.01,3,0.9563208333333334,0.9833333333333333,0.769803768659959,2.9805541666666655,0.025602083333333334,14,0.99025,5,792.2,2804,0.0,0.0,1.0,0.0
20260914,synchronous_capability,mixture_static_replacement,5000,1000,120,300,20,0.01,3,0.9570333333333335,0.9666666666666667,0.7978467310155958,2.9792520833333325,0.026360416666666667,79,0.9975,4,997.5,1934,0.5916666666666667,0.475,0.55,0.16666666666666666
20260914,synchronous_capability,mixture_evolutionary_replacement,5000,1000,120,300,20,0.01,3,0.9653500000000002,0.95,0.7533695417985127,2.982958333333332,0.02285,67,1.0,1,4000.0,4000,0.5,0.55,0.9083333333333333,0.31666666666666665
20260914,sequential_reference,no_habit,5000,1000,120,300,20,0.01,1,0.7809583333333333,0.9,0.0,1.0,0.006985416666666667,63,0.7015,28,100.21428571428571,587,NaN,NaN,NaN,NaN
20260914,sequential_reference,habit,5000,1000,120,300,20,0.01,1,0.9693208333333336,0.9833333333333333,0.9535682175450716,1.0,0.004989583333333334,126,1.0,1,4000.0,4000,NaN,NaN,NaN,NaN
20260915,synchronous_capability,no_habit,5000,1000,120,300,20,0.01,3,0.6017250000000001,0.9666666666666667,0.0,2.942429166666667,0.09139166666666666,34,0.4175,151,11.059602649006623,80,0.0,0.0,0.0,0.0
20260915,synchronous_capability,habit,5000,1000,120,300,20,0.01,3,0.9555083333333334,0.95,0.8148589901189385,2.978872916666665,0.026847916666666666,38,0.99925,4,999.25,2096,1.0,0.0,0.0,0.0
20260915,synchronous_capability,convention,5000,1000,120,300,20,0.01,3,0.9240208333333335,0.9333333333333333,0.7922999888038368,2.9804458333333317,0.026910416666666666,27,0.9385,10,375.4,1154,0.0,1.0,0.0,0.0
20260915,synchronous_capability,socially_formed_habit,5000,1000,120,300,20,0.01,3,0.9603208333333334,0.9333333333333333,0.7756186717285741,2.980910416666666,0.024572916666666667,68,0.9995,3,1332.6666666666667,1837,0.0,0.0,1.0,0.0
20260915,synchronous_capability,mixture_static_replacement,5000,1000,120,300,20,0.01,3,0.9568041666666668,1.0,0.7973654237903984,2.9789833333333324,0.026208333333333333,39,0.99975,2,1999.5,3993,0.525,0.575,0.45,0.11666666666666667
20260915,synchronous_capability,mixture_evolutionary_replacement,5000,1000,120,300,20,0.01,3,0.9674625000000003,0.9833333333333333,0.7374356502358337,2.9834499999999995,0.02165625,24,0.99975,2,1999.5,3861,0.7583333333333333,0.65,0.24166666666666667,0.08333333333333333
20260915,sequential_reference,no_habit,5000,1000,120,300,20,0.01,1,0.7030083333333333,0.15,0.0,1.0,0.007729166666666666,44,0.56325,39,57.76923076923077,345,NaN,NaN,NaN,NaN
20260915,sequential_reference,habit,5000,1000,120,300,20,0.01,1,0.9724500000000003,1.0,0.9569409599723042,1.0,0.004997916666666667,37,1.0,1,4000.0,4000,NaN,NaN,NaN,NaN
20260916,synchronous_capability,no_habit,5000,1000,120,300,20,0.01,3,0.5189,0.13333333333333333,0.0,2.9389541666666665,0.10475208333333333,11,0.292,112,10.428571428571429,79,0.0,0.0,0.0,0.0
20260916,synchronous_capability,habit,5000,1000,120,300,20,0.01,3,0.9529791666666667,0.9666666666666667,0.8046827464130326,2.978441666666665,0.028647916666666665,92,0.9985,6,665.6666666666666,2679,1.0,0.0,0.0,0.0
20260916,synchronous_capability,convention,5000,1000,120,300,20,0.01,3,0.9564208333333335,0.95,0.80085125726962,2.980081249999999,0.02628125,58,0.9995,3,1332.6666666666667,1854,0.0,1.0,0.0,0.0
20260916,synchronous_capability,socially_formed_habit,5000,1000,120,300,20,0.01,3,0.9576750000000002,1.0,0.7693105172185721,2.979897916666666,0.026022916666666666,145,0.99925,4,999.25,1915,0.0,0.0,1.0,0.0
20260916,synchronous_capability,mixture_static_replacement,5000,1000,120,300,20,0.01,3,0.9595625000000002,1.0,0.8038303331404967,2.9809458333333323,0.0252375,22,0.9995,3,1332.6666666666667,3696,0.4583333333333333,0.4666666666666667,0.5,0.08333333333333333
20260916,synchronous_capability,mixture_evolutionary_replacement,5000,1000,120,300,20,0.01,3,0.9664083333333335,1.0,0.7625756709299897,2.982674999999998,0.022875,45,1.0,1,4000.0,4000,0.65,0.6333333333333333,0.5666666666666667,0.26666666666666666
20260916,sequential_reference,no_habit,5000,1000,120,300,20,0.01,1,0.7822625,0.9833333333333333,0.0,1.0,0.00718125,477,0.67225,34,79.08823529411765,456,NaN,NaN,NaN,NaN
20260916,sequential_reference,habit,5000,1000,120,300,20,0.01,1,0.9719083333333336,0.9666666666666667,0.9549918822889857,1.0,0.00506875,114,1.0,1,4000.0,4000,NaN,NaN,NaN,NaN
20260917,synchronous_capability,no_habit,5000,1000,120,300,20,0.01,3,0.5980875,0.7833333333333333,0.0,2.9407041666666665,0.09580416666666666,73,0.36675,155,9.464516129032258,90,0.0,0.0,0.0,0.0
20260917,synchronous_capability,habit,5000,1000,120,300,20,0.01,3,0.9564958333333334,0.9333333333333333,0.8171769805004362,2.9787645833333327,0.026433333333333333,159,0.9995,3,1332.6666666666667,1892,1.0,0.0,0.0,0.0
20260917,synchronous_capability,convention,5000,1000,120,300,20,0.01,3,0.9455500000000002,0.9666666666666667,0.801927165107327,2.9799854166666657,0.02571875,86,0.98225,4,982.25,2361,0.0,1.0,0.0,0.0
20260917,synchronous_capability,socially_formed_habit,5000,1000,120,300,20,0.01,3,0.9586166666666668,0.9833333333333333,0.7730533900885275,2.980099999999999,0.025375,70,0.9995,3,1332.6666666666667,1636,0.0,0.0,1.0,0.0
20260917,synchronous_capability,mixture_static_replacement,5000,1000,120,300,20,0.01,3,0.9603625000000002,0.9833333333333333,0.8033170031272177,2.9807708333333327,0.025233333333333333,20,1.0,1,4000.0,4000,0.48333333333333334,0.48333333333333334,0.425,0.09166666666666666
20260917,synchronous_capability,mixture_evolutionary_replacement,5000,1000,120,300,20,0.01,3,0.9673916666666669,0.9833333333333333,0.7762296592053884,2.9830104166666653,0.021747916666666665,34,1.0,1,4000.0,4000,0.7583333333333333,0.43333333333333335,0.725,0.15833333333333333
20260917,sequential_reference,no_habit,5000,1000,120,300,20,0.01,1,0.7168791666666667,1.0,0.0,1.0,0.007525,180,0.5935,36,65.94444444444444,347,NaN,NaN,NaN,NaN
20260917,sequential_reference,habit,5000,1000,120,300,20,0.01,1,0.9732125000000004,0.95,0.9557871436098876,1.0,0.005039583333333333,111,1.0,1,4000.0,4000,NaN,NaN,NaN,NaN
20260918,synchronous_capability,no_habit,5000,1000,120,300,20,0.01,3,0.5740208333333332,0.31666666666666665,0.0,2.9407562499999993,0.09789583333333333,42,0.3455,138,10.014492753623188,93,0.0,0.0,0.0,0.0
20260918,synchronous_capability,habit,5000,1000,120,300,20,0.01,3,0.9543375000000002,0.9333333333333333,0.8078226816692929,2.978789583333332,0.027977083333333333,35,0.99825,7,570.4285714285714,1606,1.0,0.0,0.0,0.0
20260918,synchronous_capability,convention,5000,1000,120,300,20,0.01,3,0.9568750000000003,0.9666666666666667,0.8018370679709812,2.9803270833333317,0.026095833333333332,87,0.9985,5,798.8,1876,0.0,1.0,0.0,0.0
20260918,synchronous_capability,socially_formed_habit,5000,1000,120,300,20,0.01,3,0.9591250000000001,0.9,0.7733407554737388,2.9802770833333314,0.025022916666666666,40,0.99925,4,999.25,1830,0.0,0.0,1.0,0.0
20260918,synchronous_capability,mixture_static_replacement,5000,1000,120,300,20,0.01,3,0.9589208333333334,0.9833333333333333,0.8064921317765231,2.980597916666666,0.02430625,147,0.99575,3,1327.6666666666667,3212,0.4583333333333333,0.5,0.48333333333333334,0.09166666666666666
20260918,synchronous_capability,mixture_evolutionary_replacement,5000,1000,120,300,20,0.01,3,0.9544708333333336,0.95,0.6807457118258449,2.983677083333332,0.02105,60,0.9775,3,1303.3333333333333,2598,0.4166666666666667,0.7416666666666667,0.2833333333333333,0.03333333333333333
20260918,sequential_reference,no_habit,5000,1000,120,300,20,0.01,1,0.7524624999999999,0.9666666666666667,0.0,1.0,0.006670833333333333,60,0.664,24,110.66666666666667,484,NaN,NaN,NaN,NaN
20260918,sequential_reference,habit,5000,1000,120,300,20,0.01,1,0.9712791666666669,0.9833333333333333,0.9518183440909358,1.0,0.005441666666666667,369,1.0,1,4000.0,4000,NaN,NaN,NaN,NaN
20260919,synchronous_capability,no_habit,5000,1000,120,300,20,0.01,3,0.5876958333333332,0.16666666666666666,0.0,2.9410562499999995,0.097925,44,0.344,148,9.297297297297296,125,0.0,0.0,0.0,0.0
20260919,synchronous_capability,habit,5000,1000,120,300,20,0.01,3,0.9548291666666668,0.9666666666666667,0.8105744801386497,2.9785729166666655,0.027558333333333334,21,0.99925,4,999.25,1585,1.0,0.0,0.0,0.0
20260919,synchronous_capability,convention,5000,1000,120,300,20,0.01,3,0.9466916666666668,0.9666666666666667,0.7978139199560464,2.9795395833333322,0.026327083333333334,34,0.97775,3,1303.6666666666667,1805,0.0,1.0,0.0,0.0
20260919,synchronous_capability,socially_formed_habit,5000,1000,120,300,20,0.01,3,0.9590458333333336,0.9166666666666666,0.7746446715466697,2.981143749999999,0.025145833333333333,506,1.0,1,4000.0,4000,0.0,0.0,1.0,0.0
20260919,synchronous_capability,mixture_static_replacement,5000,1000,120,300,20,0.01,3,0.9570375000000002,1.0,0.7997876830597022,2.9795562499999986,0.026258333333333335,7,0.9995,3,1332.6666666666667,3045,0.49166666666666664,0.55,0.5916666666666667,0.11666666666666667
20260919,synchronous_capability,mixture_evolutionary_replacement,5000,1000,120,300,20,0.01,3,0.9650208333333334,1.0,0.7396933578683281,2.9823166666666654,0.023625,18,1.0,1,4000.0,4000,0.5083333333333333,0.6666666666666666,0.48333333333333334,0.2
20260919,sequential_reference,no_habit,5000,1000,120,300,20,0.01,1,0.7529916666666667,0.11666666666666667,0.0,1.0,0.007108333333333334,74,0.61375,56,43.839285714285715,636,NaN,NaN,NaN,NaN
20260919,sequential_reference,habit,5000,1000,120,300,20,0.01,1,0.9693791666666669,0.9666666666666667,0.9517278139484946,1.0,0.005177083333333333,150,1.0,1,4000.0,4000,NaN,NaN,NaN,NaN
20260920,synchronous_capability,no_habit,5000,1000,120,300,20,0.01,3,0.6188125,0.65,0.0,2.94410625,0.09106041666666667,109,0.40625,132,12.31060606060606,237,0.0,0.0,0.0,0.0
20260920,synchronous_capability,habit,5000,1000,120,300,20,0.01,3,0.9531791666666668,0.9833333333333333,0.812165842583572,2.9774854166666658,0.027341666666666667,19,0.99275,5,794.2,2396,1.0,0.0,0.0,0.0
20260920,synchronous_capability,convention,5000,1000,120,300,20,0.01,3,0.9565833333333335,0.9833333333333333,0.7981697192588921,2.978587499999999,0.026964583333333333,31,0.9985,7,570.5714285714286,1911,0.0,1.0,0.0,0.0
20260920,synchronous_capability,socially_formed_habit,5000,1000,120,300,20,0.01,3,0.9574041666666667,0.95,0.7669138822859428,2.980779166666666,0.026175,164,0.99975,2,1999.5,2084,0.0,0.0,1.0,0.0
20260920,synchronous_capability,mixture_static_replacement,5000,1000,120,300,20,0.01,3,0.9586458333333335,0.9666666666666667,0.8016887949215595,2.979752083333332,0.025947916666666668,40,1.0,1,4000.0,4000,0.55,0.575,0.5,0.175
20260920,synchronous_capability,mixture_evolutionary_replacement,5000,1000,120,300,20,0.01,3,0.9671625000000001,0.9333333333333333,0.7692557749865855,2.9835666666666656,0.021810416666666665,22,1.0,1,4000.0,4000,0.5916666666666667,0.8416666666666667,0.875,0.4
20260920,sequential_reference,no_habit,5000,1000,120,300,20,0.01,1,0.7339833333333334,0.95,0.0,1.0,0.0067354166666666665,92,0.62025,31,80.03225806451613,823,NaN,NaN,NaN,NaN
20260920,sequential_reference,habit,5000,1000,120,300,20,0.01,1,0.9727125000000004,0.9833333333333333,0.9551322071608587,1.0,0.00521875,156,1.0,1,4000.0,4000,NaN,NaN,NaN,NaN
20260921,synchronous_capability,no_habit,5000,1000,120,300,20,0.01,3,0.4531125,0.9,0.0,2.935820833333333,0.11005833333333333,47,0.17225,83,8.301204819277109,79,0.0,0.0,0.0,0.0
20260921,synchronous_capability,habit,5000,1000,120,300,20,0.01,3,0.9548958333333335,0.9166666666666666,0.8126191390987144,2.978866666666666,0.02705,71,0.999,3,1332.0,2017,1.0,0.0,0.0,0.0
20260921,synchronous_capability,convention,5000,1000,120,300,20,0.01,3,0.9507541666666668,0.9333333333333333,0.7923337993023881,2.978597916666666,0.0276625,50,0.9925,4,992.5,3922,0.0,1.0,0.0,0.0
20260921,synchronous_capability,socially_formed_habit,5000,1000,120,300,20,0.01,3,0.9566916666666669,0.9666666666666667,0.7668251412660173,2.9795749999999988,0.026639583333333335,11,0.999,5,799.2,1174,0.0,0.0,1.0,0.0
20260921,synchronous_capability,mixture_static_replacement,5000,1000,120,300,20,0.01,3,0.9575875,0.9833333333333333,0.8003364703842476,2.979510416666665,0.026252083333333332,52,0.99975,2,1999.5,2561,0.525,0.525,0.5166666666666667,0.14166666666666666
20260921,synchronous_capability,mixture_evolutionary_replacement,5000,1000,120,300,20,0.01,3,0.9670916666666669,0.95,0.7450135641490208,2.9829083333333326,0.0219,12,1.0,1,4000.0,4000,0.48333333333333334,0.6666666666666666,0.7416666666666667,0.25
20260921,sequential_reference,no_habit,5000,1000,120,300,20,0.01,1,0.8709125000000001,0.9833333333333333,0.0,1.0,0.007016666666666667,296,0.84325,46,73.32608695652173,496,NaN,NaN,NaN,NaN
20260921,sequential_reference,habit,5000,1000,120,300,20,0.01,1,0.9710083333333338,0.9666666666666667,0.9519593146123032,1.0,0.005472916666666667,117,1.0,1,4000.0,4000,NaN,NaN,NaN,NaN
20260922,synchronous_capability,no_habit,5000,1000,120,300,20,0.01,3,0.5384833333333333,0.6,0.0,2.9413895833333337,0.09913333333333334,91,0.304,127,9.5748031496063,91,0.0,0.0,0.0,0.0
20260922,synchronous_capability,habit,5000,1000,120,300,20,0.01,3,0.9555583333333335,1.0,0.8135579478622135,2.9785520833333323,0.02685,33,0.99975,2,1999.5,3853,1.0,0.0,0.0,0.0
20260922,synchronous_capability,convention,5000,1000,120,300,20,0.01,3,0.9558166666666669,0.9666666666666667,0.7979499347764588,2.979629166666666,0.02669375,29,0.9995,3,1332.6666666666667,2021,0.0,1.0,0.0,0.0
20260922,synchronous_capability,socially_formed_habit,5000,1000,120,300,20,0.01,3,0.9588708333333337,0.95,0.7737878869007168,2.9805791666666654,0.025095833333333335,53,0.99975,2,1999.5,3435,0.0,0.0,1.0,0.0
20260922,synchronous_capability,mixture_static_replacement,5000,1000,120,300,20,0.01,3,0.9586916666666668,0.95,0.802067665752682,2.980793749999999,0.025595833333333335,305,0.9995,3,1332.6666666666667,1622,0.6083333333333333,0.5416666666666666,0.5583333333333333,0.15833333333333333
20260922,synchronous_capability,mixture_evolutionary_replacement,5000,1000,120,300,20,0.01,3,0.9693333333333337,1.0,0.7470267999204687,2.9840770833333323,0.021347916666666668,13,1.0,1,4000.0,4000,0.7833333333333333,0.6833333333333333,0.9166666666666666,0.475
20260922,sequential_reference,no_habit,5000,1000,120,300,20,0.01,1,0.7569125000000001,0.9833333333333333,0.0,1.0,0.00680625,39,0.69825,28,99.75,846,NaN,NaN,NaN,NaN
20260922,sequential_reference,habit,5000,1000,120,300,20,0.01,1,0.9734583333333338,0.9833333333333333,0.9552336540181435,1.0,0.005145833333333333,84,1.0,1,4000.0,4000,NaN,NaN,NaN,NaN
20260923,synchronous_capability,no_habit,5000,1000,120,300,20,0.01,3,0.5782458333333333,0.36666666666666664,0.0,2.9413145833333334,0.09876041666666667,55,0.3555,168,8.464285714285714,86,0.0,0.0,0.0,0.0
20260923,synchronous_capability,habit,5000,1000,120,300,20,0.01,3,0.9571583333333336,0.9666666666666667,0.8155663817138497,2.979062499999999,0.026414583333333335,32,0.99925,4,999.25,1820,1.0,0.0,0.0,0.0
20260923,synchronous_capability,convention,5000,1000,120,300,20,0.01,3,0.9573166666666668,1.0,0.8032204345893937,2.9797749999999987,0.025770833333333333,23,0.99925,4,999.25,1983,0.0,1.0,0.0,0.0
20260923,synchronous_capability,socially_formed_habit,5000,1000,120,300,20,0.01,3,0.9582875000000003,0.9666666666666667,0.769808270715362,2.9812104166666655,0.025147916666666666,77,0.99925,4,999.25,1872,0.0,0.0,1.0,0.0
20260923,synchronous_capability,mixture_static_replacement,5000,1000,120,300,20,0.01,3,0.9591791666666668,0.9666666666666667,0.8040028039334532,2.9799437499999986,0.02521875,46,1.0,1,4000.0,4000,0.4583333333333333,0.575,0.4666666666666667,0.10833333333333334
20260923,synchronous_capability,mixture_evolutionary_replacement,5000,1000,120,300,20,0.01,3,0.9693916666666669,0.9333333333333333,0.7798111370382107,2.9840999999999984,0.02086875,99,1.0,1,4000.0,4000,0.2833333333333333,0.8,0.3333333333333333,0.11666666666666667
20260923,sequential_reference,no_habit,5000,1000,120,300,20,0.01,1,0.8241958333333333,0.9666666666666667,0.0,1.0,0.00668125,50,0.7615,28,108.78571428571429,634,NaN,NaN,NaN,NaN
20260923,sequential_reference,habit,5000,1000,120,300,20,0.01,1,0.971429166666667,0.9833333333333333,0.9555185735810751,1.0,0.005016666666666667,69,1.0,1,4000.0,4000,NaN,NaN,NaN,NaN
20260924,synchronous_capability,no_habit,5000,1000,120,300,20,0.01,3,0.6220458333333333,0.2,0.0,2.9447895833333333,0.09037916666666666,61,0.44825,141,12.71631205673759,134,0.0,0.0,0.0,0.0
20260924,synchronous_capability,habit,5000,1000,120,300,20,0.01,3,0.9546000000000001,0.9833333333333333,0.8127905058204257,2.9791354166666655,0.027122916666666667,229,0.99775,7,570.1428571428571,2513,1.0,0.0,0.0,0.0
20260924,synchronous_capability,convention,5000,1000,120,300,20,0.01,3,0.9560083333333335,0.9666666666666667,0.7971124087277615,2.9796604166666656,0.027002083333333333,63,0.9995,3,1332.6666666666667,3398,0.0,1.0,0.0,0.0
20260924,synchronous_capability,socially_formed_habit,5000,1000,120,300,20,0.01,3,0.9569500000000001,0.9833333333333333,0.7677799114796572,2.980543749999999,0.026025,22,0.99825,6,665.5,2424,0.0,0.0,1.0,0.0
20260924,synchronous_capability,mixture_static_replacement,5000,1000,120,300,20,0.01,3,0.9578000000000002,0.9166666666666666,0.8019617686768655,2.979552083333332,0.02556875,146,0.9945,5,795.6,1639,0.4666666666666667,0.5166666666666667,0.5916666666666667,0.18333333333333332
20260924,synchronous_capability,mixture_evolutionary_replacement,5000,1000,120,300,20,0.01,3,0.968204166666667,0.9666666666666667,0.7539262451895445,2.9839395833333318,0.021360416666666666,104,0.99975,2,1999.5,2871,0.6166666666666667,0.375,0.8166666666666667,0.275
20260924,sequential_reference,no_habit,5000,1000,120,300,20,0.01,1,0.7724375,0.9833333333333333,0.0,1.0,0.0070104166666666665,91,0.70125,27,103.88888888888889,435,NaN,NaN,NaN,NaN
20260924,sequential_reference,habit,5000,1000,120,300,20,0.01,1,0.971516666666667,0.9833333333333333,0.9546054553336991,1.0,0.00515,252,1.0,1,4000.0,4000,NaN,NaN,NaN,NaN
20260925,synchronous_capability,no_habit,5000,1000,120,300,20,0.01,3,0.5708166666666666,0.7833333333333333,0.0,2.9427124999999994,0.09532708333333334,109,0.35575,123,11.56910569105691,91,0.0,0.0,0.0,0.0
20260925,synchronous_capability,habit,5000,1000,120,300,20,0.01,3,0.9564208333333335,0.8666666666666667,0.8159365753288645,2.9798666666666653,0.026710416666666667,72,0.99925,4,999.25,1553,1.0,0.0,0.0,0.0
20260925,synchronous_capability,convention,5000,1000,120,300,20,0.01,3,0.9584666666666669,0.9333333333333333,0.8072471739834505,2.9812541666666657,0.0251875,60,0.9995,3,1332.6666666666667,2923,0.0,1.0,0.0,0.0
20260925,synchronous_capability,socially_formed_habit,5000,1000,120,300,20,0.01,3,0.9607916666666669,0.9666666666666667,0.7750712054658605,2.9815374999999986,0.024004166666666667,181,0.9995,3,1332.6666666666667,2292,0.0,0.0,1.0,0.0
20260925,synchronous_capability,mixture_static_replacement,5000,1000,120,300,20,0.01,3,0.9598125,0.9333333333333333,0.8065733645406309,2.980233333333332,0.024814583333333334,127,0.9995,3,1332.6666666666667,2073,0.5416666666666666,0.44166666666666665,0.4666666666666667,0.11666666666666667
20260925,synchronous_capability,mixture_evolutionary_replacement,5000,1000,120,300,20,0.01,3,0.9670833333333337,0.9666666666666667,0.7588134878750153,2.9838895833333323,0.02205,114,0.99875,4,998.75,2773,0.65,0.45,0.5833333333333334,0.19166666666666668
20260925,sequential_reference,no_habit,5000,1000,120,300,20,0.01,1,0.8155083333333334,0.9666666666666667,0.0,1.0,0.0065375,29,0.75925,36,84.36111111111111,711,NaN,NaN,NaN,NaN
20260925,sequential_reference,habit,5000,1000,120,300,20,0.01,1,0.9727625000000004,0.9666666666666667,0.9538844824882914,1.0,0.005239583333333333,66,1.0,1,4000.0,4000,NaN,NaN,NaN,NaN
20260926,synchronous_capability,no_habit,5000,1000,120,300,20,0.01,3,0.5956083333333333,0.7833333333333333,0.0,2.942685416666666,0.09203333333333333,49,0.377,149,10.120805369127517,88,0.0,0.0,0.0,0.0
20260926,synchronous_capability,habit,5000,1000,120,300,20,0.01,3,0.9533291666666669,0.9,0.8083552709543367,2.977670833333333,0.02773125,221,0.9995,3,1332.6666666666667,3710,1.0,0.0,0.0,0.0
20260926,synchronous_capability,convention,5000,1000,120,300,20,0.01,3,0.9565000000000001,0.9666666666666667,0.7978432406430104,2.9796791666666653,0.026847916666666666,38,0.99975,2,1999.5,2103,0.0,1.0,0.0,0.0
20260926,synchronous_capability,socially_formed_habit,5000,1000,120,300,20,0.01,3,0.9574333333333336,0.9666666666666667,0.7675497355863777,2.980699999999999,0.026145833333333333,67,0.99975,2,1999.5,2730,0.0,0.0,1.0,0.0
20260926,synchronous_capability,mixture_static_replacement,5000,1000,120,300,20,0.01,3,0.9589666666666667,0.9333333333333333,0.8045738408497152,2.9810374999999985,0.02490208333333333,36,0.99975,2,1999.5,3978,0.4666666666666667,0.5666666666666667,0.5333333333333333,0.15
20260926,synchronous_capability,mixture_evolutionary_replacement,5000,1000,120,300,20,0.01,3,0.966779166666667,0.9333333333333333,0.7681854549358141,2.983272916666666,0.021710416666666666,90,0.99975,2,1999.5,3237,0.6,0.49166666666666664,0.5583333333333333,0.14166666666666666
20260926,sequential_reference,no_habit,5000,1000,120,300,20,0.01,1,0.6758333333333334,0.9666666666666667,0.0,1.0,0.00725625,41,0.547,40,54.7,504,NaN,NaN,NaN,NaN
20260926,sequential_reference,habit,5000,1000,120,300,20,0.01,1,0.9720375000000003,0.9833333333333333,0.9542169037130327,1.0,0.005275,47,1.0,1,4000.0,4000,NaN,NaN,NaN,NaN
20260927,synchronous_capability,no_habit,5000,1000,120,300,20,0.01,3,0.6165999999999999,0.5,0.0,2.9422458333333332,0.09258125,55,0.395,154,10.25974025974026,143,0.0,0.0,0.0,0.0
20260927,synchronous_capability,habit,5000,1000,120,300,20,0.01,3,0.9537666666666669,0.9666666666666667,0.8105626168350996,2.978779166666665,0.0275,93,0.997,8,498.5,1647,1.0,0.0,0.0,0.0
20260927,synchronous_capability,convention,5000,1000,120,300,20,0.01,3,0.9550958333333334,0.9833333333333333,0.7993024715304973,2.9801249999999992,0.026420833333333334,120,0.99525,6,663.5,1799,0.0,1.0,0.0,0.0
20260927,synchronous_capability,socially_formed_habit,5000,1000,120,300,20,0.01,3,0.9579375000000002,0.9833333333333333,0.7696553593995834,2.9808916666666656,0.02561875,112,1.0,1,4000.0,4000,0.0,0.0,1.0,0.0
20260927,synchronous_capability,mixture_static_replacement,5000,1000,120,300,20,0.01,3,0.9580000000000002,0.9333333333333333,0.7981658699476404,2.9797145833333314,0.0263,64,0.99975,2,1999.5,2789,0.5,0.5,0.55,0.11666666666666667
20260927,synchronous_capability,mixture_evolutionary_replacement,5000,1000,120,300,20,0.01,3,0.929566666666667,0.9666666666666667,0.7448894886593856,2.982627083333332,0.023645833333333335,13,0.9385,10,375.4,3213,0.35,0.3416666666666667,0.5166666666666667,0.03333333333333333
20260927,sequential_reference,no_habit,5000,1000,120,300,20,0.01,1,0.7006125,0.9666666666666667,0.0,1.0,0.007110416666666667,80,0.575,39,58.97435897435897,469,NaN,NaN,NaN,NaN
20260927,sequential_reference,habit,5000,1000,120,300,20,0.01,1,0.9704333333333338,0.9166666666666666,0.9521897189409586,1.0,0.005266666666666667,4,1.0,1,4000.0,4000,NaN,NaN,NaN,NaN
20260928,synchronous_capability,no_habit,5000,1000,120,300,20,0.01,3,0.5884666666666667,0.31666666666666665,0.0,2.9433999999999996,0.09193958333333334,23,0.368,138,10.666666666666666,72,0.0,0.0,0.0,0.0
20260928,synchronous_capability,habit,5000,1000,120,300,20,0.01,3,0.9555833333333337,0.95,0.8141752702154453,2.9780499999999988,0.026779166666666666,47,0.99975,2,1999.5,2260,1.0,0.0,0.0,0.0
20260928,synchronous_capability,convention,5000,1000,120,300,20,0.01,3,0.9552583333333334,0.95,0.8002128115269902,2.9797520833333317,0.026191666666666665,53,0.9975,9,443.3333333333333,1615,0.0,1.0,0.0,0.0
20260928,synchronous_capability,socially_formed_habit,5000,1000,120,300,20,0.01,3,0.9605791666666669,0.9666666666666667,0.7766750754666366,2.982218749999999,0.024029166666666667,66,0.99975,2,1999.5,2293,0.0,0.0,1.0,0.0
20260928,synchronous_capability,mixture_static_replacement,5000,1000,120,300,20,0.01,3,0.9591958333333335,0.9333333333333333,0.8043826604718199,2.9802062499999984,0.025372916666666665,74,0.9995,3,1332.6666666666667,2246,0.48333333333333334,0.4166666666666667,0.5166666666666667,0.11666666666666667
20260928,synchronous_capability,mixture_evolutionary_replacement,5000,1000,120,300,20,0.01,3,0.968529166666667,0.9666666666666667,0.7829719132998546,2.983593749999999,0.02118125,12,1.0,1,4000.0,4000,0.38333333333333336,0.4583333333333333,0.5916666666666667,0.06666666666666667
20260928,sequential_reference,no_habit,5000,1000,120,300,20,0.01,1,0.6732333333333334,0.9833333333333333,0.0,1.0,0.006870833333333333,25,0.53875,40,53.875,407,NaN,NaN,NaN,NaN
20260928,sequential_reference,habit,5000,1000,120,300,20,0.01,1,0.9716083333333337,0.9833333333333333,0.9548329240825186,1.0,0.0050125,152,1.0,1,4000.0,4000,NaN,NaN,NaN,NaN
20260929,synchronous_capability,no_habit,5000,1000,120,300,20,0.01,3,0.5853541666666667,0.48333333333333334,0.0,2.9410791666666665,0.09606875,27,0.371,155,9.574193548387097,141,0.0,0.0,0.0,0.0
20260929,synchronous_capability,habit,5000,1000,120,300,20,0.01,3,0.9537041666666669,0.9833333333333333,0.8090382912699982,2.978012499999999,0.027677083333333335,58,0.9995,3,1332.6666666666667,3407,1.0,0.0,0.0,0.0
20260929,synchronous_capability,convention,5000,1000,120,300,20,0.01,3,0.9322875000000002,0.9666666666666667,0.7930589098853275,2.979308333333332,0.027058333333333334,15,0.961,10,384.4,1304,0.0,1.0,0.0,0.0
20260929,synchronous_capability,socially_formed_habit,5000,1000,120,300,20,0.01,3,0.9580875000000002,0.9666666666666667,0.7696885951654036,2.9807249999999987,0.025708333333333333,24,1.0,1,4000.0,4000,0.0,0.0,1.0,0.0
20260929,synchronous_capability,mixture_static_replacement,5000,1000,120,300,20,0.01,3,0.9589750000000001,0.9666666666666667,0.8034066010384363,2.9798249999999986,0.02535625,95,1.0,1,4000.0,4000,0.525,0.4666666666666667,0.48333333333333334,0.10833333333333334
20260929,synchronous_capability,mixture_evolutionary_replacement,5000,1000,120,300,20,0.01,3,0.9655208333333336,0.95,0.7624611218122755,2.982324999999999,0.022864583333333334,101,1.0,1,4000.0,4000,0.3333333333333333,0.6916666666666667,0.6833333333333333,0.10833333333333334
20260929,sequential_reference,no_habit,5000,1000,120,300,20,0.01,1,0.7271541666666668,0.9166666666666666,0.0,1.0,0.007058333333333333,4,0.60475,55,43.981818181818184,284,NaN,NaN,NaN,NaN
20260929,sequential_reference,habit,5000,1000,120,300,20,0.01,1,0.9716500000000006,0.9833333333333333,0.9536946683246679,1.0,0.005364583333333333,39,1.0,1,4000.0,4000,NaN,NaN,NaN,NaN
20260930,synchronous_capability,no_habit,5000,1000,120,300,20,0.01,3,0.48328333333333334,0.7666666666666667,0.0,2.938541666666666,0.10413958333333333,18,0.23175,101,9.178217821782178,107,0.0,0.0,0.0,0.0
20260930,synchronous_capability,habit,5000,1000,120,300,20,0.01,3,0.9555208333333335,0.95,0.816580545784668,2.9781437499999983,0.026364583333333334,51,0.9985,7,570.5714285714286,1157,1.0,0.0,0.0,0.0
20260930,synchronous_capability,convention,5000,1000,120,300,20,0.01,3,0.9512916666666669,0.95,0.7983646731058514,2.9794229166666657,0.02654375,9,0.98725,5,789.8,1130,0.0,1.0,0.0,0.0
20260930,synchronous_capability,socially_formed_habit,5000,1000,120,300,20,0.01,3,0.9570000000000002,0.95,0.7667045659512133,2.980287499999999,0.026977083333333332,165,0.99925,3,1332.3333333333333,2907,0.0,0.0,1.0,0.0
20260930,synchronous_capability,mixture_static_replacement,5000,1000,120,300,20,0.01,3,0.9582750000000002,0.95,0.8000951111622653,2.9793937499999994,0.02591041666666667,37,0.99975,2,1999.5,2395,0.5,0.5416666666666666,0.575,0.15
20260930,synchronous_capability,mixture_evolutionary_replacement,5000,1000,120,300,20,0.01,3,0.9688083333333336,1.0,0.7703195482502492,2.984127083333332,0.02121875,212,1.0,1,4000.0,4000,0.9,0.6583333333333333,0.875,0.45
20260930,sequential_reference,no_habit,5000,1000,120,300,20,0.01,1,0.6842958333333333,0.11666666666666667,0.0,1.0,0.007322916666666667,68,0.588,31,75.87096774193549,328,NaN,NaN,NaN,NaN
20260930,sequential_reference,habit,5000,1000,120,300,20,0.01,1,0.9712041666666671,0.9833333333333333,0.9549365389786398,1.0,0.005097916666666666,68,1.0,1,4000.0,4000,NaN,NaN,NaN,NaN
