scenario,replicate,group,initial_count,final_age,trajectory_age,replacements,replacement_rate,switch_rate
Heterogeneous,1,Naive,12,83.91666666666667,55.69055555555555,19,0.010555555555555556,0.02021336327905671
Heterogeneous,1,Two-frame naive,12,75.16666666666667,55.21666666666667,19,0.010555555555555556,0.02133632790567097
Heterogeneous,1,Decision-aware,24,94.41666666666667,55.86305555555555,36,0.01,0.03647586980920314
Heterogeneous,1,All,48,86.97916666666667,55.65833333333336,74,0.010277777777777778,0.02862756104406399
Heterogeneous,2,Naive,12,75.16666666666667,44.31666666666668,29,0.01611111111111111,0.04799548277809147
Heterogeneous,2,Two-frame naive,12,54.583333333333336,43.2011111111111,35,0.019444444444444445,0.03342776203966006
Heterogeneous,2,Decision-aware,24,82.79166666666667,45.42888888888889,54,0.015,0.03553299492385787
Heterogeneous,2,All,48,73.83333333333333,44.5938888888889,118,0.01638888888888889,0.03812482349618752
Heterogeneous,3,Naive,12,105.66666666666667,54.895555555555575,19,0.010555555555555556,0.024143739472206625
Heterogeneous,3,Two-frame naive,12,95.75,61.40833333333333,12,0.006666666666666667,0.028523489932885907
Heterogeneous,3,Decision-aware,24,107.16666666666667,59.417777777777765,25,0.006944444444444444,0.02293706293706294
Heterogeneous,3,All,48,103.9375,58.784861111111056,56,0.0077777777777777776,0.02463605823068309
Heterogeneous,4,Naive,12,85.33333333333333,37.292222222222215,34,0.01888888888888889,0.07474518686296716
Heterogeneous,4,Two-frame naive,12,87.0,53.05055555555555,20,0.011111111111111112,0.037640449438202245
Heterogeneous,4,Decision-aware,24,106.41666666666667,56.023888888888884,36,0.01,0.05443322109988777
Heterogeneous,4,All,48,96.29166666666667,50.5976388888889,90,0.0125,0.05527426160337553
Heterogeneous,5,Naive,12,116.41666666666667,54.05722222222224,30,0.016666666666666666,0.04971751412429379
Heterogeneous,5,Two-frame naive,12,100.91666666666667,48.69666666666668,35,0.019444444444444445,0.03456090651558073
Heterogeneous,5,Decision-aware,24,95.875,51.977222222222224,57,0.015833333333333335,0.06124753034151849
Heterogeneous,5,All,48,102.27083333333333,51.67708333333335,122,0.016944444444444446,0.051709522463972875
Heterogeneous,6,Naive,12,119.83333333333333,61.664444444444456,10,0.005555555555555556,0.03687150837988827
Heterogeneous,6,Two-frame naive,12,77.0,46.07055555555555,23,0.012777777777777779,0.028137310073157007
Heterogeneous,6,Decision-aware,24,113.45833333333333,57.16000000000001,27,0.0075,0.03526448362720403
Heterogeneous,6,All,48,105.9375,55.51374999999995,60,0.008333333333333333,0.033893557422969185
Heterogeneous,7,Naive,12,93.08333333333333,48.432222222222215,34,0.01888888888888889,0.04756511891279728
Heterogeneous,7,Two-frame naive,12,111.41666666666667,60.55277777777776,17,0.009444444444444445,0.040381379697139654
Heterogeneous,7,Decision-aware,24,90.45833333333333,51.10416666666666,44,0.012222222222222223,0.0610236220472441
Heterogeneous,7,All,48,96.35416666666667,52.798333333333325,95,0.013194444444444444,0.05249824067558058
Heterogeneous,8,Naive,12,106.08333333333333,51.93722222222221,25,0.013888888888888888,0.027042253521126762
Heterogeneous,8,Two-frame naive,12,127.66666666666667,66.46444444444442,8,0.0044444444444444444,0.017857142857142856
Heterogeneous,8,Decision-aware,24,132.20833333333334,65.17305555555558,18,0.005,0.02568397543271915
Heterogeneous,8,All,48,124.54166666666667,62.186944444444364,51,0.007083333333333333,0.024059308994264932
Heterogeneous,9,Naive,12,87.75,51.21611111111111,25,0.013888888888888888,0.031549295774647886
Heterogeneous,9,Two-frame naive,12,82.16666666666667,51.28777777777778,26,0.014444444444444444,0.02536640360766629
Heterogeneous,9,Decision-aware,24,99.70833333333333,54.563611111111115,43,0.011944444444444445,0.056508293505763287
Heterogeneous,9,All,48,92.33333333333333,52.90777777777771,94,0.013055555555555556,0.04249929636926541
Heterogeneous,10,Naive,12,78.16666666666667,49.79166666666667,24,0.013333333333333334,0.02252252252252252
Heterogeneous,10,Two-frame naive,12,70.33333333333333,51.724999999999994,22,0.012222222222222223,0.02924634420697413
Heterogeneous,10,Decision-aware,24,97.125,55.62611111111111,35,0.009722222222222222,0.025245441795231416
Heterogeneous,10,All,48,85.6875,53.192222222222235,81,0.01125,0.025565388397246803
Heterogeneous,11,Naive,12,89.25,53.82833333333333,16,0.008888888888888889,0.02858744394618834
Heterogeneous,11,Two-frame naive,12,117.58333333333333,61.258888888888904,9,0.005,0.02680067001675042
Heterogeneous,11,Decision-aware,24,94.20833333333333,57.704444444444455,28,0.0077777777777777776,0.031914893617021274
Heterogeneous,11,All,48,98.8125,57.62402777777776,53,0.007361111111111111,0.029802714425633134
Heterogeneous,12,Naive,12,87.91666666666667,57.75999999999999,18,0.01,0.04040404040404041
Heterogeneous,12,Two-frame naive,12,108.5,62.39388888888888,17,0.009444444444444445,0.03140773976444195
Heterogeneous,12,Decision-aware,24,120.5,60.18388888888888,25,0.006944444444444444,0.03608391608391608
Heterogeneous,12,All,48,109.35416666666667,60.13041666666664,60,0.008333333333333333,0.03599439775910364
Heterogeneous,13,Naive,12,64.16666666666667,57.03333333333331,16,0.008888888888888889,0.020739910313901346
Heterogeneous,13,Two-frame naive,12,121.83333333333333,64.45444444444448,17,0.009444444444444445,0.015703869882220976
Heterogeneous,13,Decision-aware,24,96.95833333333333,60.841944444444465,25,0.006944444444444444,0.025734265734265734
Heterogeneous,13,All,48,94.97916666666667,60.79291666666662,58,0.008055555555555555,0.021982637916549985
Heterogeneous,14,Naive,12,116.08333333333333,61.761111111111134,13,0.007222222222222222,0.023503077783995522
Heterogeneous,14,Two-frame naive,12,96.08333333333333,52.70277777777776,19,0.010555555555555556,0.019651880965749578
Heterogeneous,14,Decision-aware,24,86.41666666666667,57.93055555555555,32,0.008888888888888889,0.043161434977578475
Heterogeneous,14,All,48,96.25,57.58124999999999,64,0.008888888888888889,0.03237107623318386
Heterogeneous,15,Naive,12,86.0,48.117222222222225,21,0.011666666666666667,0.02866779089376054
Heterogeneous,15,Two-frame naive,12,110.5,55.545,21,0.011666666666666667,0.03035413153456998
Heterogeneous,15,Decision-aware,24,94.58333333333333,50.996666666666655,54,0.015,0.05358150028200789
Heterogeneous,15,All,48,96.41666666666667,51.41388888888894,96,0.013333333333333334,0.0415259009009009
Heterogeneous,16,Naive,12,101.41666666666667,58.73222222222221,14,0.0077777777777777776,0.032474804031354984
Heterogeneous,16,Two-frame naive,12,102.08333333333333,57.203888888888905,20,0.011111111111111112,0.025280898876404494
Heterogeneous,16,Decision-aware,24,100.25,54.92555555555556,38,0.010555555555555556,0.03874227961819203
Heterogeneous,16,All,48,101.0,56.4468055555555,72,0.01,0.03381032547699214
Heterogeneous,17,Naive,12,76.0,49.39944444444445,21,0.011666666666666667,0.02922990444069702
Heterogeneous,17,Two-frame naive,12,102.0,57.47833333333333,16,0.008888888888888889,0.026905829596412557
Heterogeneous,17,Decision-aware,24,112.33333333333333,61.53555555555557,31,0.008611111111111111,0.03558419725413281
Heterogeneous,17,All,48,100.66666666666667,57.487222222222265,68,0.009444444444444445,0.03182837913628716
Heterogeneous,18,Naive,12,85.16666666666667,48.99000000000001,25,0.013888888888888888,0.03718309859154929
Heterogeneous,18,Two-frame naive,12,97.91666666666667,49.027222222222235,28,0.015555555555555555,0.034424379232505645
Heterogeneous,18,Decision-aware,24,112.16666666666667,55.79805555555555,37,0.010277777777777778,0.05108055009823183
Heterogeneous,18,All,48,101.85416666666667,52.40333333333339,90,0.0125,0.043459915611814344
Heterogeneous,19,Naive,12,86.66666666666667,50.28555555555557,20,0.011111111111111112,0.024719101123595506
Heterogeneous,19,Two-frame naive,12,99.08333333333333,58.85055555555557,9,0.005,0.02233389168062535
Heterogeneous,19,Decision-aware,24,119.875,62.48805555555555,25,0.006944444444444444,0.04083916083916084
Heterogeneous,19,All,48,106.375,58.52805555555555,54,0.0075,0.03218583823117828
Heterogeneous,20,Naive,12,107.58333333333333,57.39055555555556,20,0.011111111111111112,0.0348314606741573
Heterogeneous,20,Two-frame naive,12,115.91666666666667,59.67444444444444,18,0.01,0.03367003367003367
Heterogeneous,20,Decision-aware,24,128.625,62.41916666666667,28,0.0077777777777777776,0.03163493840985442
Heterogeneous,20,All,48,120.1875,60.475833333333355,66,0.009166666666666667,0.03294084664984581
Heterogeneous,21,Naive,12,116.16666666666667,59.917777777777765,17,0.009444444444444445,0.027481772293886708
Heterogeneous,21,Two-frame naive,12,103.5,54.102222222222224,17,0.009444444444444445,0.02075154234436343
Heterogeneous,21,Decision-aware,24,111.0,60.40888888888888,38,0.010555555555555556,0.03902302077484559
Heterogeneous,21,All,48,110.41666666666667,58.709444444444394,72,0.01,0.03156565656565657
Heterogeneous,22,Naive,12,97.25,60.86,16,0.008888888888888889,0.04484304932735426
Heterogeneous,22,Two-frame naive,12,103.58333333333333,60.96666666666669,16,0.008888888888888889,0.017937219730941704
Heterogeneous,22,Decision-aware,24,112.79166666666667,64.18777777777775,26,0.007222222222222222,0.0310576385002798
Heterogeneous,22,All,48,106.60416666666667,62.55055555555551,58,0.008055555555555555,0.031223746849621956
Heterogeneous,23,Naive,12,106.5,62.26611111111112,18,0.01,0.02356902356902357
Heterogeneous,23,Two-frame naive,12,78.08333333333333,50.773888888888884,21,0.011666666666666667,0.025295109612141653
Heterogeneous,23,Decision-aware,24,82.95833333333333,49.31361111111111,47,0.013055555555555556,0.053475935828877004
Heterogeneous,23,All,48,87.625,52.916805555555605,86,0.011944444444444445,0.038937306719145345
Heterogeneous,24,Naive,12,99.66666666666667,57.16333333333332,19,0.010555555555555556,0.0364963503649635
Heterogeneous,24,Two-frame naive,12,113.25,59.75444444444445,11,0.006111111111111111,0.023476802683063163
Heterogeneous,24,Decision-aware,24,115.58333333333333,60.847500000000025,28,0.0077777777777777776,0.02547592385218365
Heterogeneous,24,All,48,111.02083333333333,59.65319444444444,58,0.008055555555555555,0.027723326799215905
Heterogeneous,25,Naive,12,61.583333333333336,41.84777777777778,35,0.019444444444444445,0.03059490084985836
Heterogeneous,25,Two-frame naive,12,110.91666666666667,56.274999999999984,29,0.01611111111111111,0.025409373235460192
Heterogeneous,25,Decision-aware,24,96.45833333333333,54.788888888888884,36,0.01,0.048540965207631875
Heterogeneous,25,All,48,91.35416666666667,51.925138888888895,100,0.013888888888888888,0.03830985915492958
Heterogeneous,26,Naive,12,88.91666666666667,49.759444444444455,21,0.011666666666666667,0.0567734682405846
Heterogeneous,26,Two-frame naive,12,112.66666666666667,57.016666666666644,15,0.008333333333333333,0.03361344537815126
Heterogeneous,26,Decision-aware,24,97.41666666666667,51.194722222222225,40,0.011111111111111112,0.04073033707865169
Heterogeneous,26,All,48,99.10416666666667,52.291388888888925,76,0.010555555555555556,0.04295339696799551
Heterogeneous,27,Naive,12,84.33333333333333,45.66833333333332,21,0.011666666666666667,0.032602585722315905
Heterogeneous,27,Two-frame naive,12,94.58333333333333,48.50777777777776,23,0.012777777777777779,0.019696117051209903
Heterogeneous,27,Decision-aware,24,89.875,53.72444444444444,47,0.013055555555555556,0.044750914719954966
Heterogeneous,27,All,48,89.66666666666667,50.406250000000014,91,0.012638888888888889,0.035448023632015754
Heterogeneous,28,Naive,12,99.41666666666667,49.81277777777779,30,0.016666666666666666,0.04067796610169491
Heterogeneous,28,Two-frame naive,12,100.91666666666667,51.954444444444455,20,0.011111111111111112,0.02752808988764045
Heterogeneous,28,Decision-aware,24,95.33333333333333,52.55583333333332,41,0.01138888888888889,0.04748524866535544
Heterogeneous,28,All,48,97.75,51.71972222222223,91,0.012638888888888889,0.040793360528907016
Heterogeneous,29,Naive,12,65.91666666666667,42.4488888888889,33,0.018333333333333333,0.035653650254668934
Heterogeneous,29,Two-frame naive,12,119.25,56.05833333333333,15,0.008333333333333333,0.03361344537815126
Heterogeneous,29,Decision-aware,24,119.33333333333333,59.29666666666668,34,0.009444444444444445,0.05103757711721817
Heterogeneous,29,All,48,105.95833333333333,54.275138888888854,82,0.01138888888888889,0.04284911491992133
Heterogeneous,30,Naive,12,104.25,60.908333333333324,18,0.01,0.02749719416386083
Heterogeneous,30,Two-frame naive,12,81.08333333333333,58.533888888888896,21,0.011666666666666667,0.026981450252951095
Heterogeneous,30,Decision-aware,24,84.58333333333333,50.218611111111095,41,0.01138888888888889,0.040460803596515875
Heterogeneous,30,All,48,88.625,54.96986111111112,80,0.011111111111111112,0.03384831460674157
Heterogeneous,31,Naive,12,90.16666666666667,54.378888888888895,18,0.01,0.030864197530864196
Heterogeneous,31,Two-frame naive,12,100.16666666666667,58.71777777777776,27,0.015,0.032148900169204735
Heterogeneous,31,Decision-aware,24,112.33333333333333,56.41166666666667,33,0.009166666666666667,0.04149144939725259
Heterogeneous,31,All,48,103.75,56.48,78,0.010833333333333334,0.03650659926986802
Heterogeneous,32,Naive,12,105.75,60.00666666666665,19,0.010555555555555556,0.021897810218978103
Heterogeneous,32,Two-frame naive,12,98.08333333333333,58.71222222222224,16,0.008888888888888889,0.020739910313901346
Heterogeneous,32,Decision-aware,24,101.83333333333333,64.36138888888891,27,0.0075,0.0265883011474951
Heterogeneous,32,All,48,101.875,61.860416666666694,62,0.008611111111111111,0.023956290277388624
Heterogeneous,33,Naive,12,96.25,47.47277777777777,30,0.016666666666666666,0.04915254237288136
Heterogeneous,33,Two-frame naive,12,90.41666666666667,48.472777777777786,26,0.014444444444444444,0.03889515219842165
Heterogeneous,33,Decision-aware,24,83.70833333333333,47.57361111111109,53,0.014722222222222222,0.06061460389061178
Heterogeneous,33,All,48,88.52083333333333,47.773194444444364,109,0.01513888888888889,0.05231984205330701
Heterogeneous,34,Naive,12,112.75,60.61055555555556,24,0.013333333333333334,0.030968468468468468
Heterogeneous,34,Two-frame naive,12,109.83333333333333,58.01444444444445,21,0.011666666666666667,0.01461495222034851
Heterogeneous,34,Decision-aware,24,94.20833333333333,54.82527777777777,39,0.010833333333333334,0.02499297950014041
Heterogeneous,34,All,48,102.75,57.06888888888889,84,0.011666666666666667,0.02388982574480045
Heterogeneous,35,Naive,12,108.0,63.38388888888888,15,0.008333333333333333,0.031932773109243695
Heterogeneous,35,Two-frame naive,12,127.0,64.57888888888888,8,0.0044444444444444444,0.021205357142857144
Heterogeneous,35,Decision-aware,24,106.16666666666667,58.01888888888887,26,0.007222222222222222,0.04616675993284835
Heterogeneous,35,All,48,111.83333333333333,61.00013888888893,49,0.006805555555555555,0.03635855125157321
Heterogeneous,36,Naive,12,98.08333333333333,53.54055555555555,20,0.011111111111111112,0.02752808988764045
Heterogeneous,36,Two-frame naive,12,100.16666666666667,59.5361111111111,16,0.008888888888888889,0.030829596412556053
Heterogeneous,36,Decision-aware,24,88.41666666666667,54.50916666666668,45,0.0125,0.03909985935302391
Heterogeneous,36,All,48,93.77083333333333,55.52375,81,0.01125,0.03413400758533502
Heterogeneous,37,Naive,12,64.75,50.07611111111111,25,0.013888888888888888,0.04112676056338028
Heterogeneous,37,Two-frame naive,12,82.75,53.057777777777765,25,0.013888888888888888,0.028169014084507043
Heterogeneous,37,Decision-aware,24,95.75,56.41,30,0.008333333333333333,0.05966386554621849
Heterogeneous,37,All,48,84.75,53.988472222222214,80,0.011111111111111112,0.04719101123595506
Heterogeneous,38,Naive,12,97.5,48.55,18,0.01,0.03254769921436588
Heterogeneous,38,Two-frame naive,12,97.83333333333333,48.19055555555555,15,0.008333333333333333,0.02072829131652661
Heterogeneous,38,Decision-aware,24,106.41666666666667,53.6438888888889,35,0.009722222222222222,0.054978962131837304
Heterogeneous,38,All,48,102.04166666666667,51.00708333333339,68,0.009444444444444445,0.040802019068984854
Heterogeneous,39,Naive,12,115.41666666666667,54.88611111111112,27,0.015,0.050761421319796954
Heterogeneous,39,Two-frame naive,12,98.25,52.507222222222225,26,0.014444444444444444,0.02818489289740699
Heterogeneous,39,Decision-aware,24,100.91666666666667,58.519722222222214,58,0.01611111111111111,0.03698475437605872
Heterogeneous,39,All,48,103.875,56.10819444444448,111,0.015416666666666667,0.03822824093666243
Heterogeneous,40,Naive,12,106.91666666666667,55.19000000000001,16,0.008888888888888889,0.03531390134529148
Heterogeneous,40,Two-frame naive,12,110.08333333333333,55.79055555555555,14,0.0077777777777777776,0.02463605823068309
Heterogeneous,40,Decision-aware,24,109.45833333333333,57.42416666666668,33,0.009166666666666667,0.04065040650406504
Heterogeneous,40,All,48,108.97916666666667,56.457222222222285,63,0.00875,0.03530895334174023
Heterogeneous,41,Naive,12,132.33333333333334,68.80055555555558,10,0.005555555555555556,0.035754189944134075
Heterogeneous,41,Two-frame naive,12,121.08333333333333,63.472222222222236,10,0.005555555555555556,0.026815642458100558
Heterogeneous,41,Decision-aware,24,113.625,62.105277777777786,32,0.008888888888888889,0.024943946188340806
Heterogeneous,41,All,48,120.16666666666667,64.12083333333331,52,0.007222222222222222,0.02811975377728036
Heterogeneous,42,Naive,12,93.91666666666667,60.34222222222221,21,0.011666666666666667,0.025857223159078135
Heterogeneous,42,Two-frame naive,12,83.66666666666667,53.820000000000014,18,0.01,0.019079685746352413
Heterogeneous,42,Decision-aware,24,87.95833333333333,52.79749999999999,37,0.010277777777777778,0.034802133033960146
Heterogeneous,42,All,48,88.375,54.93930555555552,76,0.010555555555555556,0.028635597978663673
Heterogeneous,43,Naive,12,90.58333333333333,53.88611111111109,19,0.010555555555555556,0.04828747894441325
Heterogeneous,43,Two-frame naive,12,119.5,60.781666666666666,8,0.0044444444444444444,0.018973214285714284
Heterogeneous,43,Decision-aware,24,106.04166666666667,59.24999999999998,27,0.0075,0.029107192835152534
Heterogeneous,43,All,48,105.54166666666667,58.291944444444404,54,0.0075,0.0313462076686258
Heterogeneous,44,Naive,12,119.5,60.41944444444445,17,0.009444444444444445,0.04767246214245653
Heterogeneous,44,Two-frame naive,12,84.66666666666667,61.28722222222221,21,0.011666666666666667,0.01911186059584036
Heterogeneous,44,Decision-aware,24,103.29166666666667,59.68333333333331,34,0.009444444444444445,0.02159282108805384
Heterogeneous,44,All,48,102.6875,60.26833333333338,72,0.01,0.02749719416386083
Heterogeneous,45,Naive,12,100.5,58.047777777777775,12,0.006666666666666667,0.040268456375838924
Heterogeneous,45,Two-frame naive,12,85.16666666666667,50.00444444444446,20,0.011111111111111112,0.01853932584269663
Heterogeneous,45,Decision-aware,24,93.16666666666667,54.01861111111112,30,0.008333333333333333,0.035854341736694675
Heterogeneous,45,All,48,93.0,54.02236111111114,62,0.008611111111111111,0.03264219669375175
Heterogeneous,46,Naive,12,113.75,60.30888888888888,15,0.008333333333333333,0.03697478991596639
Heterogeneous,46,Two-frame naive,12,94.75,57.42,19,0.010555555555555556,0.021897810218978103
Heterogeneous,46,Decision-aware,24,122.375,62.85722222222224,27,0.0075,0.06605093758746151
Heterogeneous,46,All,48,113.3125,60.8608333333333,61,0.008472222222222223,0.04776579352850539
Heterogeneous,47,Naive,12,113.41666666666667,54.82611111111112,11,0.006111111111111111,0.0368921185019564
Heterogeneous,47,Two-frame naive,12,107.75,62.49666666666668,13,0.007222222222222222,0.023503077783995522
Heterogeneous,47,Decision-aware,24,85.54166666666667,49.75027777777779,46,0.012777777777777779,0.032357906584130555
Heterogeneous,47,All,48,98.0625,54.205833333333246,70,0.009722222222222222,0.03127629733520337
Heterogeneous,48,Naive,12,71.75,39.355,40,0.022222222222222223,0.04318181818181818
Heterogeneous,48,Two-frame naive,12,106.66666666666667,50.73055555555556,26,0.014444444444444444,0.04284103720405862
Heterogeneous,48,Decision-aware,24,107.16666666666667,56.424444444444426,34,0.009444444444444445,0.039540100953449245
Heterogeneous,48,All,48,98.1875,50.73361111111115,100,0.013888888888888888,0.041267605633802815
Heterogeneous,49,Naive,12,70.58333333333333,45.61722222222221,29,0.01611111111111111,0.04799548277809147
Heterogeneous,49,Two-frame naive,12,64.83333333333333,46.71222222222221,21,0.011666666666666667,0.0387858347386172
Heterogeneous,49,Decision-aware,24,41.166666666666664,50.467500000000015,54,0.015,0.07332205301748448
Heterogeneous,49,All,48,54.4375,48.316111111111134,104,0.014444444444444444,0.05834272829763247
Heterogeneous,50,Naive,12,96.25,64.46388888888889,17,0.009444444444444445,0.03645541222658441
Heterogeneous,50,Two-frame naive,12,70.0,51.03444444444444,19,0.010555555555555556,0.029197080291970802
Heterogeneous,50,Decision-aware,24,75.04166666666667,48.170833333333334,41,0.01138888888888889,0.03652711435796572
Heterogeneous,50,All,48,79.08333333333333,52.96000000000004,77,0.010694444444444444,0.0346764003930928
Decision-aware,1,Decision-aware,48,110.45833333333333,62.7838888888889,46,0.006388888888888889,0.031031590718479173
Decision-aware,1,All,48,110.45833333333333,62.78388888888887,46,0.006388888888888889,0.031031590718479173
Decision-aware,2,Decision-aware,48,96.39583333333333,57.123194444444465,56,0.0077777777777777776,0.019876819708846586
Decision-aware,2,All,48,96.39583333333333,57.123194444444486,56,0.0077777777777777776,0.019876819708846586
Decision-aware,3,Decision-aware,48,109.5,60.418888888888894,61,0.008472222222222223,0.03641966661997478
Decision-aware,3,All,48,109.5,60.41888888888891,61,0.008472222222222223,0.03641966661997478
Decision-aware,4,Decision-aware,48,87.3125,53.07833333333333,75,0.010416666666666666,0.035228070175438594
Decision-aware,4,All,48,87.3125,53.078333333333276,75,0.010416666666666666,0.035228070175438594
Decision-aware,5,Decision-aware,48,89.125,58.340138888888895,70,0.009722222222222222,0.025806451612903226
Decision-aware,5,All,48,89.125,58.34013888888893,70,0.009722222222222222,0.025806451612903226
Decision-aware,6,Decision-aware,48,107.875,59.39694444444445,60,0.008333333333333333,0.032913165266106444
Decision-aware,6,All,48,107.875,59.39694444444445,60,0.008333333333333333,0.032913165266106444
Decision-aware,7,Decision-aware,48,95.25,60.887777777777785,72,0.01,0.03409090909090909
Decision-aware,7,All,48,95.25,60.887777777777785,72,0.01,0.03409090909090909
Decision-aware,8,Decision-aware,48,111.35416666666667,60.31458333333331,50,0.006944444444444444,0.034545454545454546
Decision-aware,8,All,48,111.35416666666667,60.31458333333326,50,0.006944444444444444,0.034545454545454546
Decision-aware,9,Decision-aware,48,98.27083333333333,60.97361111111112,54,0.0075,0.03316540722082284
Decision-aware,9,All,48,98.27083333333333,60.97361111111112,54,0.0075,0.03316540722082284
Decision-aware,10,Decision-aware,48,67.625,53.67680555555555,66,0.009166666666666667,0.024390243902439025
Decision-aware,10,All,48,67.625,53.6768055555556,66,0.009166666666666667,0.024390243902439025
Decision-aware,11,Decision-aware,48,98.4375,58.71388888888888,60,0.008333333333333333,0.03627450980392157
Decision-aware,11,All,48,98.4375,58.71388888888888,60,0.008333333333333333,0.03627450980392157
Decision-aware,12,Decision-aware,48,98.64583333333333,59.38138888888891,50,0.006944444444444444,0.035804195804195804
Decision-aware,12,All,48,98.64583333333333,59.38138888888889,50,0.006944444444444444,0.035804195804195804
Decision-aware,13,Decision-aware,48,109.375,58.157916666666665,62,0.008611111111111111,0.0322219108994116
Decision-aware,13,All,48,109.375,58.157916666666665,62,0.008611111111111111,0.0322219108994116
Decision-aware,14,Decision-aware,48,109.0625,55.09625,72,0.01,0.023428731762065096
Decision-aware,14,All,48,109.0625,55.09624999999995,72,0.01,0.023428731762065096
Decision-aware,15,Decision-aware,48,100.91666666666667,57.70333333333332,70,0.009722222222222222,0.03155680224403927
Decision-aware,15,All,48,100.91666666666667,57.70333333333331,70,0.009722222222222222,0.03155680224403927
Decision-aware,16,Decision-aware,48,97.6875,52.688750000000006,75,0.010416666666666666,0.03452631578947368
Decision-aware,16,All,48,97.6875,52.68875000000003,75,0.010416666666666666,0.03452631578947368
Decision-aware,17,Decision-aware,48,112.70833333333333,60.54347222222224,46,0.006388888888888889,0.03340788370142578
Decision-aware,17,All,48,112.70833333333333,60.54347222222224,46,0.006388888888888889,0.03340788370142578
Decision-aware,18,Decision-aware,48,104.6875,59.874027777777776,64,0.008888888888888889,0.050028026905829595
Decision-aware,18,All,48,104.6875,59.87402777777775,64,0.008888888888888889,0.050028026905829595
Decision-aware,19,Decision-aware,48,110.35416666666667,62.121666666666655,44,0.006111111111111111,0.03773057574063723
Decision-aware,19,All,48,110.35416666666667,62.121666666666655,44,0.006111111111111111,0.03773057574063723
Decision-aware,20,Decision-aware,48,118.0,59.15388888888888,57,0.007916666666666667,0.029259414811703768
Decision-aware,20,All,48,118.0,59.15388888888886,57,0.007916666666666667,0.029259414811703768
Decision-aware,21,Decision-aware,48,102.75,55.05875,64,0.008888888888888889,0.033071748878923765
Decision-aware,21,All,48,102.75,55.058750000000046,64,0.008888888888888889,0.033071748878923765
Decision-aware,22,Decision-aware,48,62.125,47.46347222222223,121,0.016805555555555556,0.07345670292414183
Decision-aware,22,All,48,62.125,47.4634722222222,121,0.016805555555555556,0.07345670292414183
Decision-aware,23,Decision-aware,48,97.16666666666667,53.98541666666667,91,0.012638888888888889,0.02363201575467717
Decision-aware,23,All,48,97.16666666666667,53.98541666666672,91,0.012638888888888889,0.02363201575467717
Decision-aware,24,Decision-aware,48,117.52083333333333,64.25708333333334,42,0.005833333333333334,0.032411288069293095
Decision-aware,24,All,48,117.52083333333333,64.25708333333334,42,0.005833333333333334,0.032411288069293095
Decision-aware,25,Decision-aware,48,95.08333333333333,59.45958333333335,60,0.008333333333333333,0.05280112044817927
Decision-aware,25,All,48,95.08333333333333,59.459583333333356,60,0.008333333333333333,0.05280112044817927
Decision-aware,26,Decision-aware,48,91.33333333333333,52.42958333333332,68,0.009444444444444445,0.035053280987100394
Decision-aware,26,All,48,91.33333333333333,52.429583333333355,68,0.009444444444444445,0.035053280987100394
Decision-aware,27,Decision-aware,48,107.29166666666667,60.66472222222222,52,0.007222222222222222,0.03343592613318411
Decision-aware,27,All,48,107.29166666666667,60.66472222222222,52,0.007222222222222222,0.03343592613318411
Decision-aware,28,Decision-aware,48,116.02083333333333,61.63305555555557,47,0.006527777777777778,0.029498112679994408
Decision-aware,28,All,48,116.02083333333333,61.63305555555561,47,0.006527777777777778,0.029498112679994408
Decision-aware,29,Decision-aware,48,100.0,58.98319444444444,49,0.006805555555555555,0.029646203328205844
Decision-aware,29,All,48,100.0,58.98319444444445,49,0.006805555555555555,0.029646203328205844
Decision-aware,30,Decision-aware,48,96.8125,60.78263888888889,50,0.006944444444444444,0.024055944055944058
Decision-aware,30,All,48,96.8125,60.782638888888904,50,0.006944444444444444,0.024055944055944058
Decision-aware,31,Decision-aware,48,97.08333333333333,55.55319444444445,72,0.01,0.0457351290684624
Decision-aware,31,All,48,97.08333333333333,55.55319444444445,72,0.01,0.0457351290684624
Decision-aware,32,Decision-aware,48,110.70833333333333,57.794166666666676,64,0.008888888888888889,0.027466367713004484
Decision-aware,32,All,48,110.70833333333333,57.794166666666634,64,0.008888888888888889,0.027466367713004484
Decision-aware,33,Decision-aware,48,101.77083333333333,58.91805555555557,56,0.0077777777777777776,0.019456886898096305
Decision-aware,33,All,48,101.77083333333333,58.91805555555553,56,0.0077777777777777776,0.019456886898096305
Decision-aware,34,Decision-aware,48,80.875,46.84097222222222,156,0.021666666666666667,0.05082339579784213
Decision-aware,34,All,48,80.875,46.8409722222222,156,0.021666666666666667,0.05082339579784213
Decision-aware,35,Decision-aware,48,104.22916666666667,55.69444444444444,72,0.01,0.0356341189674523
Decision-aware,35,All,48,104.22916666666667,55.694444444444514,72,0.01,0.0356341189674523
Decision-aware,36,Decision-aware,48,108.85416666666667,59.930138888888884,61,0.008472222222222223,0.028295279450903488
Decision-aware,36,All,48,108.85416666666667,59.930138888888905,61,0.008472222222222223,0.028295279450903488
Decision-aware,37,Decision-aware,48,89.8125,60.399027777777775,58,0.008055555555555555,0.04144497339680762
Decision-aware,37,All,48,89.8125,60.39902777777774,58,0.008055555555555555,0.04144497339680762
Decision-aware,38,Decision-aware,48,85.39583333333333,50.14013888888888,72,0.01,0.026515151515151516
Decision-aware,38,All,48,85.39583333333333,50.140138888888906,72,0.01,0.026515151515151516
Decision-aware,39,Decision-aware,48,101.39583333333333,56.40361111111112,54,0.0075,0.045200111950741674
Decision-aware,39,All,48,101.39583333333333,56.40361111111113,54,0.0075,0.045200111950741674
Decision-aware,40,Decision-aware,48,113.875,61.57305555555556,64,0.008888888888888889,0.02788677130044843
Decision-aware,40,All,48,113.875,61.57305555555557,64,0.008888888888888889,0.02788677130044843
Decision-aware,41,Decision-aware,48,117.79166666666667,62.965277777777764,43,0.0059722222222222225,0.017465418471426575
Decision-aware,41,All,48,117.79166666666667,62.96527777777777,43,0.0059722222222222225,0.017465418471426575
Decision-aware,42,Decision-aware,48,94.5625,54.89111111111112,63,0.00875,0.028303208631077485
Decision-aware,42,All,48,94.5625,54.89111111111107,63,0.00875,0.028303208631077485
Decision-aware,43,Decision-aware,48,110.45833333333333,57.69166666666668,63,0.00875,0.03208631077483536
Decision-aware,43,All,48,110.45833333333333,57.69166666666667,63,0.00875,0.03208631077483536
Decision-aware,44,Decision-aware,48,116.60416666666667,62.79249999999999,67,0.009305555555555555,0.04121687929342493
Decision-aware,44,All,48,116.60416666666667,62.792499999999954,67,0.009305555555555555,0.04121687929342493
Decision-aware,45,Decision-aware,48,119.52083333333333,60.96972222222224,34,0.004722222222222222,0.033770583310075354
Decision-aware,45,All,48,119.52083333333333,60.96972222222218,34,0.004722222222222222,0.033770583310075354
Decision-aware,46,Decision-aware,48,108.89583333333333,59.018611111111134,72,0.01,0.024971941638608306
Decision-aware,46,All,48,108.89583333333333,59.01861111111117,72,0.01,0.024971941638608306
Decision-aware,47,Decision-aware,48,101.22916666666667,51.52958333333334,97,0.013472222222222222,0.04744474165845417
Decision-aware,47,All,48,101.22916666666667,51.5295833333334,97,0.013472222222222222,0.04744474165845417
Decision-aware,48,Decision-aware,48,116.89583333333333,59.41222222222224,70,0.009722222222222222,0.03828892005610098
Decision-aware,48,All,48,116.89583333333333,59.41222222222229,70,0.009722222222222222,0.03828892005610098
Decision-aware,49,Decision-aware,48,87.27083333333333,53.69263888888887,79,0.010972222222222222,0.054767588821794694
Decision-aware,49,All,48,87.27083333333333,53.692638888888844,79,0.010972222222222222,0.054767588821794694
Decision-aware,50,Decision-aware,48,109.29166666666667,62.27819444444443,48,0.006666666666666667,0.04236577181208054
Decision-aware,50,All,48,109.29166666666667,62.27819444444443,48,0.006666666666666667,0.04236577181208054
Two-frame naive,1,Two-frame naive,48,100.02083333333333,54.99583333333332,111,0.015416666666666667,0.0407673860911271
Two-frame naive,1,All,48,100.02083333333333,54.99583333333331,111,0.015416666666666667,0.0407673860911271
Two-frame naive,2,Two-frame naive,48,92.0625,54.13236111111111,80,0.011111111111111112,0.027106741573033707
Two-frame naive,2,All,48,92.0625,54.132361111111095,80,0.011111111111111112,0.027106741573033707
Two-frame naive,3,Two-frame naive,48,79.58333333333333,46.733194444444436,154,0.021388888888888888,0.04286119784274766
Two-frame naive,3,All,48,79.58333333333333,46.733194444444415,154,0.021388888888888888,0.04286119784274766
Two-frame naive,4,Two-frame naive,48,101.08333333333333,49.06847222222221,125,0.017361111111111112,0.04989399293286219
Two-frame naive,4,All,48,101.08333333333333,49.06847222222217,125,0.017361111111111112,0.04989399293286219
Two-frame naive,5,Two-frame naive,48,109.95833333333333,61.50791666666667,58,0.008055555555555555,0.02506300756090731
Two-frame naive,5,All,48,109.95833333333333,61.5079166666666,58,0.008055555555555555,0.02506300756090731
Two-frame naive,6,Two-frame naive,48,105.54166666666667,58.546249999999986,71,0.00986111111111111,0.027914153457707952
Two-frame naive,6,All,48,105.54166666666667,58.54625000000002,71,0.00986111111111111,0.027914153457707952
Two-frame naive,7,Two-frame naive,48,89.16666666666667,47.29680555555556,130,0.018055555555555554,0.03606789250353607
Two-frame naive,7,All,48,89.16666666666667,47.296805555555515,130,0.018055555555555554,0.03606789250353607
Two-frame naive,8,Two-frame naive,48,97.83333333333333,55.385416666666664,84,0.011666666666666667,0.025576166385609892
Two-frame naive,8,All,48,97.83333333333333,55.38541666666666,84,0.011666666666666667,0.025576166385609892
Two-frame naive,9,Two-frame naive,48,122.16666666666667,62.16055555555555,81,0.01125,0.025424919230228965
Two-frame naive,9,All,48,122.16666666666667,62.16055555555555,81,0.01125,0.025424919230228965
Two-frame naive,10,Two-frame naive,48,96.79166666666667,53.260833333333345,79,0.010972222222222222,0.034264850442353605
Two-frame naive,10,All,48,96.79166666666667,53.26083333333336,79,0.010972222222222222,0.034264850442353605
Two-frame naive,11,Two-frame naive,48,115.75,59.950833333333335,68,0.009444444444444445,0.026360067302299495
Two-frame naive,11,All,48,115.75,59.95083333333331,68,0.009444444444444445,0.026360067302299495
Two-frame naive,12,Two-frame naive,48,88.41666666666667,51.93208333333333,130,0.018055555555555554,0.03734087694483734
Two-frame naive,12,All,48,88.41666666666667,51.93208333333337,130,0.018055555555555554,0.03734087694483734
Two-frame naive,13,Two-frame naive,48,108.97916666666667,61.935972222222205,66,0.009166666666666667,0.03294084664984581
Two-frame naive,13,All,48,108.97916666666667,61.935972222222176,66,0.009166666666666667,0.03294084664984581
Two-frame naive,14,Two-frame naive,48,94.5625,48.80625,99,0.01375,0.0452049007182087
Two-frame naive,14,All,48,94.5625,48.806249999999984,99,0.01375,0.0452049007182087
Two-frame naive,15,Two-frame naive,48,67.41666666666667,43.39888888888889,180,0.025,0.05811965811965812
Two-frame naive,15,All,48,67.41666666666667,43.39888888888889,180,0.025,0.05811965811965812
Two-frame naive,16,Two-frame naive,48,93.02083333333333,51.431944444444426,82,0.01138888888888889,0.03231244731666198
Two-frame naive,16,All,48,93.02083333333333,51.43194444444438,82,0.01138888888888889,0.03231244731666198
Two-frame naive,17,Two-frame naive,48,128.625,65.05388888888888,66,0.009166666666666667,0.03181945612559574
Two-frame naive,17,All,48,128.625,65.05388888888885,66,0.009166666666666667,0.03181945612559574
Two-frame naive,18,Two-frame naive,48,87.91666666666667,48.37805555555556,150,0.020833333333333332,0.04141843971631206
Two-frame naive,18,All,48,87.91666666666667,48.378055555555555,150,0.020833333333333332,0.04141843971631206
Two-frame naive,19,Two-frame naive,48,107.0625,55.17430555555556,94,0.013055555555555556,0.04249929636926541
Two-frame naive,19,All,48,107.0625,55.17430555555555,94,0.013055555555555556,0.04249929636926541
Two-frame naive,20,Two-frame naive,48,80.14583333333333,51.16249999999999,92,0.012777777777777779,0.02321328081035453
Two-frame naive,20,All,48,80.14583333333333,51.16249999999997,92,0.012777777777777779,0.02321328081035453
Two-frame naive,21,Two-frame naive,48,110.64583333333333,54.98361111111111,131,0.018194444444444444,0.04583392276135238
Two-frame naive,21,All,48,110.64583333333333,54.98361111111108,131,0.018194444444444444,0.04583392276135238
Two-frame naive,22,Two-frame naive,48,99.41666666666667,54.21305555555556,110,0.015277777777777777,0.03610719322990127
Two-frame naive,22,All,48,99.41666666666667,54.213055555555535,110,0.015277777777777777,0.03610719322990127
Two-frame naive,23,Two-frame naive,48,89.22916666666667,54.30125000000001,104,0.014444444444444444,0.030439684329199548
Two-frame naive,23,All,48,89.22916666666667,54.30125000000006,104,0.014444444444444444,0.030439684329199548
Two-frame naive,24,Two-frame naive,48,105.8125,54.875,86,0.011944444444444445,0.022350295192578015
Two-frame naive,24,All,48,105.8125,54.87500000000002,86,0.011944444444444445,0.022350295192578015
Two-frame naive,25,Two-frame naive,48,83.1875,45.714861111111105,145,0.02013888888888889,0.04068036853295535
Two-frame naive,25,All,48,83.1875,45.71486111111107,145,0.02013888888888889,0.04068036853295535
Two-frame naive,26,Two-frame naive,48,90.70833333333333,53.656388888888884,116,0.01611111111111111,0.04376058723884811
Two-frame naive,26,All,48,90.70833333333333,53.65638888888891,116,0.01611111111111111,0.04376058723884811
Two-frame naive,27,Two-frame naive,48,109.25,57.98027777777777,55,0.007638888888888889,0.026172148355493353
Two-frame naive,27,All,48,109.25,57.98027777777775,55,0.007638888888888889,0.026172148355493353
Two-frame naive,28,Two-frame naive,48,101.04166666666667,56.891111111111094,120,0.016666666666666666,0.029519774011299436
Two-frame naive,28,All,48,101.04166666666667,56.89111111111112,120,0.016666666666666666,0.029519774011299436
Two-frame naive,29,Two-frame naive,48,63.5625,44.76138888888889,164,0.02277777777777778,0.043632745878339964
Two-frame naive,29,All,48,63.5625,44.76138888888886,164,0.02277777777777778,0.043632745878339964
Two-frame naive,30,Two-frame naive,48,83.02083333333333,45.61430555555555,131,0.018194444444444444,0.049653416324798416
Two-frame naive,30,All,48,83.02083333333333,45.61430555555557,131,0.018194444444444444,0.049653416324798416
Two-frame naive,31,Two-frame naive,48,103.875,59.59,84,0.011666666666666667,0.03232152894884767
Two-frame naive,31,All,48,103.875,59.59,84,0.011666666666666667,0.03232152894884767
Two-frame naive,32,Two-frame naive,48,85.625,43.35944444444445,160,0.022222222222222223,0.04928977272727273
Two-frame naive,32,All,48,85.625,43.35944444444445,160,0.022222222222222223,0.04928977272727273
Two-frame naive,33,Two-frame naive,48,97.39583333333333,49.58541666666665,118,0.01638888888888889,0.05577520474442248
Two-frame naive,33,All,48,97.39583333333333,49.58541666666663,118,0.01638888888888889,0.05577520474442248
Two-frame naive,34,Two-frame naive,48,103.25,53.648472222222225,116,0.01611111111111111,0.027809147374364764
Two-frame naive,34,All,48,103.25,53.648472222222225,116,0.01611111111111111,0.027809147374364764
Two-frame naive,35,Two-frame naive,48,102.1875,55.071944444444455,91,0.012638888888888889,0.03291602194401463
Two-frame naive,35,All,48,102.1875,55.071944444444426,91,0.012638888888888889,0.03291602194401463
Two-frame naive,36,Two-frame naive,48,105.16666666666667,57.44736111111109,81,0.01125,0.0269700800674252
Two-frame naive,36,All,48,105.16666666666667,57.44736111111114,81,0.01125,0.0269700800674252
Two-frame naive,37,Two-frame naive,48,117.95833333333333,66.12722222222224,42,0.005833333333333334,0.028499580888516344
Two-frame naive,37,All,48,117.95833333333333,66.12722222222224,42,0.005833333333333334,0.028499580888516344
Two-frame naive,38,Two-frame naive,48,105.75,57.94625,72,0.01,0.028479236812570145
Two-frame naive,38,All,48,105.75,57.94625000000003,72,0.01,0.028479236812570145
Two-frame naive,39,Two-frame naive,48,80.85416666666667,43.49083333333333,153,0.02125,0.03944941109692068
Two-frame naive,39,All,48,80.85416666666667,43.490833333333306,153,0.02125,0.03944941109692068
Two-frame naive,40,Two-frame naive,48,99.27083333333333,60.71416666666668,75,0.010416666666666666,0.02526315789473684
Two-frame naive,40,All,48,99.27083333333333,60.714166666666664,75,0.010416666666666666,0.02526315789473684
Two-frame naive,41,Two-frame naive,48,75.66666666666667,49.6501388888889,120,0.016666666666666666,0.06581920903954802
Two-frame naive,41,All,48,75.66666666666667,49.65013888888891,120,0.016666666666666666,0.06581920903954802
Two-frame naive,42,Two-frame naive,48,91.9375,54.87819444444444,77,0.010694444444444444,0.027937666713463427
Two-frame naive,42,All,48,91.9375,54.87819444444445,77,0.010694444444444444,0.027937666713463427
Two-frame naive,43,Two-frame naive,48,109.85416666666667,54.68055555555556,84,0.011666666666666667,0.03358628442945475
Two-frame naive,43,All,48,109.85416666666667,54.68055555555561,84,0.011666666666666667,0.03358628442945475
Two-frame naive,44,Two-frame naive,48,105.95833333333333,59.12958333333336,80,0.011111111111111112,0.029073033707865167
Two-frame naive,44,All,48,105.95833333333333,59.12958333333338,80,0.011111111111111112,0.029073033707865167
Two-frame naive,45,Two-frame naive,48,101.20833333333333,57.39333333333336,74,0.010277777777777778,0.03017120404153803
Two-frame naive,45,All,48,101.20833333333333,57.39333333333338,74,0.010277777777777778,0.03017120404153803
Two-frame naive,46,Two-frame naive,48,108.41666666666667,59.74916666666665,66,0.009166666666666667,0.023268853378188955
Two-frame naive,46,All,48,108.41666666666667,59.74916666666663,66,0.009166666666666667,0.023268853378188955
Two-frame naive,47,Two-frame naive,48,101.5,53.47402777777778,112,0.015555555555555555,0.028922121896162528
Two-frame naive,47,All,48,101.5,53.47402777777781,112,0.015555555555555555,0.028922121896162528
Two-frame naive,48,Two-frame naive,48,92.0,46.12166666666667,141,0.019583333333333335,0.04377390565235869
Two-frame naive,48,All,48,92.0,46.1216666666667,141,0.019583333333333335,0.04377390565235869
Two-frame naive,49,Two-frame naive,48,95.33333333333333,52.67013888888888,81,0.01125,0.02781289506953224
Two-frame naive,49,All,48,95.33333333333333,52.67013888888886,81,0.01125,0.02781289506953224
Two-frame naive,50,Two-frame naive,48,109.3125,62.674583333333324,50,0.006944444444444444,0.03328671328671329
Two-frame naive,50,All,48,109.3125,62.674583333333324,50,0.006944444444444444,0.03328671328671329
Naive,1,Naive,48,76.27083333333333,52.367638888888884,91,0.012638888888888889,0.029962019974679982
Naive,1,All,48,76.27083333333333,52.367638888888834,91,0.012638888888888889,0.029962019974679982
Naive,2,Naive,48,72.02083333333333,50.149444444444434,77,0.010694444444444444,0.04169591464270672
Naive,2,All,48,72.02083333333333,50.149444444444455,77,0.010694444444444444,0.04169591464270672
Naive,3,Naive,48,119.85416666666667,60.77083333333331,67,0.009305555555555555,0.03701107528389177
Naive,3,All,48,119.85416666666667,60.77083333333332,67,0.009305555555555555,0.03701107528389177
Naive,4,Naive,48,50.1875,38.05833333333333,189,0.02625,0.08258451005562688
Naive,4,All,48,50.1875,38.05833333333331,189,0.02625,0.08258451005562688
Naive,5,Naive,48,86.89583333333333,52.419305555555546,87,0.012083333333333333,0.037255728946998454
Naive,5,All,48,86.89583333333333,52.419305555555525,87,0.012083333333333333,0.037255728946998454
Naive,6,Naive,48,122.66666666666667,61.6722222222222,65,0.009027777777777777,0.040784863349684654
Naive,6,All,48,122.66666666666667,61.67222222222215,65,0.009027777777777777,0.040784863349684654
Naive,7,Naive,48,90.64583333333333,52.04472222222221,105,0.014583333333333334,0.040451021846370686
Naive,7,All,48,90.64583333333333,52.04472222222218,105,0.014583333333333334,0.040451021846370686
Naive,8,Naive,48,90.47916666666667,53.98402777777778,114,0.015833333333333335,0.052639006491673725
Naive,8,All,48,90.47916666666667,53.984027777777825,114,0.015833333333333335,0.052639006491673725
Naive,9,Naive,48,93.91666666666667,48.13111111111112,114,0.015833333333333335,0.04134913914761502
Naive,9,All,48,93.91666666666667,48.13111111111115,114,0.015833333333333335,0.04134913914761502
Naive,10,Naive,48,81.8125,55.08027777777779,80,0.011111111111111112,0.045365168539325845
Naive,10,All,48,81.8125,55.08027777777777,80,0.011111111111111112,0.045365168539325845
Naive,11,Naive,48,89.83333333333333,50.03430555555555,107,0.014861111111111111,0.04003947553926406
Naive,11,All,48,89.83333333333333,50.034305555555584,107,0.014861111111111111,0.04003947553926406
Naive,12,Naive,48,90.33333333333333,54.43263888888889,98,0.01361111111111111,0.05941988172345818
Naive,12,All,48,90.33333333333333,54.43263888888885,98,0.01361111111111111,0.05941988172345818
Naive,13,Naive,48,98.79166666666667,54.617916666666666,92,0.012777777777777779,0.049099606077658974
Naive,13,All,48,98.79166666666667,54.61791666666665,92,0.012777777777777779,0.049099606077658974
Naive,14,Naive,48,105.02083333333333,56.73527777777779,87,0.012083333333333333,0.04667510192605089
Naive,14,All,48,105.02083333333333,56.735277777777775,87,0.012083333333333333,0.04667510192605089
Naive,15,Naive,48,82.52083333333333,43.3273611111111,180,0.025,0.0745014245014245
Naive,15,All,48,82.52083333333333,43.32736111111112,180,0.025,0.0745014245014245
Naive,16,Naive,48,83.04166666666667,51.01402777777779,88,0.012222222222222223,0.04274465691788527
Naive,16,All,48,83.04166666666667,51.014027777777834,88,0.012222222222222223,0.04274465691788527
Naive,17,Naive,48,107.97916666666667,61.521666666666675,64,0.008888888888888889,0.039517937219730945
Naive,17,All,48,107.97916666666667,61.521666666666704,64,0.008888888888888889,0.039517937219730945
Naive,18,Naive,48,91.5,52.94958333333333,93,0.012916666666666667,0.048402982974532154
Naive,18,All,48,91.5,52.949583333333294,93,0.012916666666666667,0.048402982974532154
Naive,19,Naive,48,69.5625,36.683611111111105,198,0.0275,0.06498143387603542
Naive,19,All,48,69.5625,36.6836111111111,198,0.0275,0.06498143387603542
Naive,20,Naive,48,98.25,54.49305555555556,100,0.013888888888888888,0.05380281690140845
Naive,20,All,48,98.25,54.49305555555558,100,0.013888888888888888,0.05380281690140845
Naive,21,Naive,48,64.52083333333333,51.40180555555554,127,0.017638888888888888,0.06673264527074792
Naive,21,All,48,64.52083333333333,51.40180555555549,127,0.017638888888888888,0.06673264527074792
Naive,22,Naive,48,93.4375,47.49805555555556,180,0.025,0.08931623931623932
Naive,22,All,48,93.4375,47.49805555555558,180,0.025,0.08931623931623932
Naive,23,Naive,48,78.97916666666667,44.2538888888889,158,0.021944444444444444,0.05637602953706333
Naive,23,All,48,78.97916666666667,44.25388888888895,158,0.021944444444444444,0.05637602953706333
Naive,24,Naive,48,94.4375,54.115833333333335,98,0.01361111111111111,0.053506054632497885
Naive,24,All,48,94.4375,54.11583333333332,98,0.01361111111111111,0.053506054632497885
Naive,25,Naive,48,79.4375,50.11847222222222,110,0.015277777777777777,0.045275035260930886
Naive,25,All,48,79.4375,50.11847222222224,110,0.015277777777777777,0.045275035260930886
Naive,26,Naive,48,80.75,45.51388888888889,159,0.022083333333333333,0.03934100269848033
Naive,26,All,48,80.75,45.51388888888887,159,0.022083333333333333,0.03934100269848033
Naive,27,Naive,48,105.64583333333333,56.91333333333335,111,0.015416666666666667,0.0407673860911271
Naive,27,All,48,105.64583333333333,56.91333333333327,111,0.015416666666666667,0.0407673860911271
Naive,28,Naive,48,88.33333333333333,51.05999999999999,98,0.01361111111111111,0.05463249788791889
Naive,28,All,48,88.33333333333333,51.05999999999993,98,0.01361111111111111,0.05463249788791889
Naive,29,Naive,48,99.60416666666667,59.009722222222216,84,0.011666666666666667,0.030073074761101742
Naive,29,All,48,99.60416666666667,59.00972222222222,84,0.011666666666666667,0.030073074761101742
Naive,30,Naive,48,69.47916666666667,39.43319444444445,164,0.02277777777777778,0.07916429789653212
Naive,30,All,48,69.47916666666667,39.433194444444425,164,0.02277777777777778,0.07916429789653212
Naive,31,Naive,48,101.35416666666667,57.52583333333331,115,0.01597222222222222,0.04177840508115738
Naive,31,All,48,101.35416666666667,57.52583333333336,115,0.01597222222222222,0.04177840508115738
Naive,32,Naive,48,88.20833333333333,48.70347222222222,115,0.01597222222222222,0.05998588567395907
Naive,32,All,48,88.20833333333333,48.70347222222221,115,0.01597222222222222,0.05998588567395907
Naive,33,Naive,48,83.625,48.28263888888889,117,0.01625,0.04433149795284484
Naive,33,All,48,83.625,48.282638888888876,117,0.01625,0.04433149795284484
Naive,34,Naive,48,110.75,57.08083333333333,96,0.013333333333333334,0.03800675675675676
Naive,34,All,48,110.75,57.080833333333345,96,0.013333333333333334,0.03800675675675676
Naive,35,Naive,48,107.22916666666667,62.37930555555555,57,0.007916666666666667,0.0503989920201596
Naive,35,All,48,107.22916666666667,62.37930555555555,57,0.007916666666666667,0.0503989920201596
Naive,36,Naive,48,75.04166666666667,50.34236111111112,149,0.020694444444444446,0.05474400794213587
Naive,36,All,48,75.04166666666667,50.34236111111115,149,0.020694444444444446,0.05474400794213587
Naive,37,Naive,48,98.70833333333333,55.80458333333333,90,0.0125,0.04191279887482419
Naive,37,All,48,98.70833333333333,55.80458333333333,90,0.0125,0.04191279887482419
Naive,38,Naive,48,79.45833333333333,47.281249999999986,100,0.013888888888888888,0.05661971830985915
Naive,38,All,48,79.45833333333333,47.28124999999992,100,0.013888888888888888,0.05661971830985915
Naive,39,Naive,48,98.125,49.244166666666665,103,0.014305555555555556,0.0460758066788784
Naive,39,All,48,98.125,49.24416666666667,103,0.014305555555555556,0.0460758066788784
Naive,40,Naive,48,88.91666666666667,51.578750000000014,108,0.015,0.028764805414551606
Naive,40,All,48,88.91666666666667,51.57874999999998,108,0.015,0.028764805414551606
Naive,41,Naive,48,93.20833333333333,50.30055555555555,112,0.015555555555555555,0.05375282167042889
Naive,41,All,48,93.20833333333333,50.30055555555556,112,0.015555555555555555,0.05375282167042889
Naive,42,Naive,48,94.52083333333333,53.366527777777776,111,0.015416666666666667,0.04429397658343913
Naive,42,All,48,94.52083333333333,53.36652777777785,111,0.015416666666666667,0.04429397658343913
Naive,43,Naive,48,117.02083333333333,56.37111111111112,92,0.012777777777777779,0.04839617332583005
Naive,43,All,48,117.02083333333333,56.371111111111105,92,0.012777777777777779,0.04839617332583005
Naive,44,Naive,48,88.77083333333333,50.78652777777776,121,0.016805555555555556,0.03475067099872863
Naive,44,All,48,88.77083333333333,50.78652777777772,121,0.016805555555555556,0.03475067099872863
Naive,45,Naive,48,104.77083333333333,54.867499999999986,76,0.010555555555555556,0.051937113980909604
Naive,45,All,48,104.77083333333333,54.867499999999986,76,0.010555555555555556,0.051937113980909604
Naive,46,Naive,48,123.47916666666667,62.369305555555535,62,0.008611111111111111,0.036424768842813114
Naive,46,All,48,123.47916666666667,62.369305555555535,62,0.008611111111111111,0.036424768842813114
Naive,47,Naive,48,88.54166666666667,44.90041666666667,155,0.021527777777777778,0.05933286018452803
Naive,47,All,48,88.54166666666667,44.90041666666664,155,0.021527777777777778,0.05933286018452803
Naive,48,Naive,48,97.70833333333333,54.69402777777778,97,0.013472222222222222,0.0549063775869351
Naive,48,All,48,97.70833333333333,54.69402777777769,97,0.013472222222222222,0.0549063775869351
Naive,49,Naive,48,111.52083333333333,62.73416666666667,61,0.008472222222222223,0.05434934864827007
Naive,49,All,48,111.52083333333333,62.73416666666668,61,0.008472222222222223,0.05434934864827007
Naive,50,Naive,48,89.0625,49.138194444444444,131,0.018194444444444444,0.04922902815108219
Naive,50,All,48,89.0625,49.13819444444453,131,0.018194444444444444,0.04922902815108219
